vm_id,timestamp,cpu_usage,memory_usage,network_traffic,power_consumption,num_executed_instructions,execution_time,energy_efficiency,task_type,task_priority,task_status
c5215826-6237-4a33-9312-72c1df909881,2023-01-25 09:10:54,54.88135039273247,78.95086101800565,164.77597272736512,287.8089860943348,7527.0,69.34557502116084,0.5535890138304125,network,medium,waiting
5651505d-14a2-41d6-989b-eec0aac9b922,2023-06-15 18:04:04,43.75872112626925,22.456429249411503,429.1396396095887,272.9604167203784,9008.0,60.15390381796911,0.4612463882323769,compute,high,completed
7fd9a664-1da8-4ae9-8a04-3c341d32d35c,2023-07-10 11:32:51,38.34415188257777,16.44188143630516,779.7913445722813,382.7566963342774,2989.0,42.16084672041248,0.1391872331187899,io,medium,running
ea8455b0-251c-4470-b7ea-8d40476e3434,2023-01-14 19:59:41,79.17250380826646,2.972252291872135,926.374029707024,173.5593253511245,8644.0,55.70267258499558,0.7794988270273124,compute,medium,completed
0ddae1eb-86c9-4448-b1b8-e7be96875ad8,2023-04-11 22:45:15,56.80445610939323,2.3556261694841374,722.5521460087667,143.34039922287724,9788.0,79.70075630651479,0.9443874747330262,io,medium,waiting
bb9d0b5b-c787-4138-ac46-4e250c802e75,2023-04-22 16:00:56,7.103605819788694,96.51663851759275,919.1721699008262,275.62991155530773,9117.0,39.96762536398085,0.8547249472467794,io,low,running
3b85d1e1-4734-4d95-a96c-3c81584efae2,2023-02-07 19:00:38,2.021839744032572,89.3369023596935,208.41927362008096,199.2585075596433,1224.0,61.8501351320329,0.6974451918092537,compute,high,completed
ee09578f-c27d-4e85-b3ee-323a0d7a0eff,2023-07-19 04:48:30,11.827442586893325,17.494685098281227,433.6812055048176,214.91209620375568,1147.0,12.59030732694486,0.1077575090170537,compute,medium,running
ce27f2d1-6a11-4ed8-890f-6db13637840a,2023-05-14 00:42:05,41.46619399905236,74.77060134344565,757.368681181976,96.01126690792134,1183.0,77.19094327115523,0.4242991566617204,compute,medium,completed
d8556493-5092-46ea-9477-fb7a722b215e,2023-01-15 06:40:57,61.69339968747569,0.66501864895252,686.3747057583021,154.89117158455113,6006.0,99.54205859933634,0.9922910928783232,compute,medium,completed
e4261896-dec0-47c3-8920-98a92656daa5,2023-07-17 04:41:10,35.9507900573786,72.9809813207389,350.5145898406132,132.659623501686,430.0,76.32524441989813,0.0038913973038791,network,high,waiting
3a233eb2-f875-4805-a41e-6a512c52a180,2023-07-11 23:55:37,6.022547162926983,33.03585426314992,719.7953588353676,434.588930652972,4976.0,28.9907803695591,0.7910675206636963,io,high,waiting
aaa03097-d35c-44cc-af28-08ac4a8ac005,2023-01-15 21:12:03,67.06378696181594,56.20080455465612,856.3729241009559,300.8163384974408,3925.0,1.6250460356521337,0.9793560851549046,io,high,running
72409b20-fe74-418b-b8d2-a473df503c62,2023-05-09 14:21:32,36.37107709426226,21.95574392509313,765.1085404576537,300.068718360881,6822.0,44.70843079769558,0.6900778446483329,compute,high,completed
33beaac9-d548-4152-bd0e-2603655424f9,2023-04-21 19:33:38,57.019677041787965,57.29314801898303,671.6706721743607,499.40105215672753,3089.0,67.01478558431731,0.2558825959740562,network,medium,running
a0d91a20-21a7-484a-9516-b72c71061fe0,2023-02-23 23:54:46,43.86015134623204,16.927814875683755,469.175920223112,224.5788339035087,8115.0,28.181830043637103,0.1076673076083811,compute,low,running
99b8881f-eb7a-4e0a-87fe-51c1f33bddb0,2023-04-02 16:31:04,19.65823616800535,41.56335189777671,412.81851450848575,200.4533215877012,6196.0,77.5007069996999,0.8760017738370616,network,medium,running
a0302f08-617d-43ba-a20d-a4cc16eca88d,2023-02-18 11:00:17,36.872517066096414,40.4366203429215,681.3583777353608,223.48108295482385,8307.0,73.13474955525099,0.1706832930469316,compute,high,running
39747b5f-4245-402a-a414-130c7c6e699c,2023-02-17 21:54:31,82.09932298479352,25.563384863559968,118.02428222368088,240.68793676193928,4086.0,79.98972351981513,0.7320202785541456,network,high,waiting
e498a339-3f0f-4e72-b979-69dc40010f20,2023-01-01 11:30:42,9.609840789396308,5.842703528279336,195.36692197087257,153.25705800252314,2617.0,99.87627160531396,0.4589815141453529,network,low,waiting
bbe26b9c-c5c0-4faa-841c-a693296aed4c,2023-03-11 16:39:31,60.4845519745046,71.71940865884743,226.88883523309775,438.5798815223782,5034.0,9.508691469691655,0.2862026429882154,io,high,completed
8208bb7a-34bc-40cd-800a-43bf5fe23fbe,2023-06-02 16:17:23,29.61401975221449,34.327600453181184,46.375961192413605,86.86789034476422,1958.0,19.34334079693024,0.0362060693890772,compute,low,running
7d4c7219-ad83-45a1-bce5-1d86e053eca5,2023-06-15 21:22:43,11.872771895424403,60.85517787653287,633.1166609447629,360.46859523816727,9814.0,92.4937366168772,0.7528794010679412,io,low,completed
9d0ca4fd-0698-42df-ab43-aba6fcffa85b,2023-06-27 20:24:41,41.426299451467,9.428435190572635,206.48643595523995,383.058410929423,9583.0,35.71857311970764,0.5142053768611479,compute,high,completed
d711f1ea-82fa-4b7a-91c7-e357f8b1b43d,2023-07-19 08:50:35,26.53894909394454,10.046945407316166,880.7840801506828,278.0624663485098,9268.0,36.50234031272306,0.9754133864186952,io,high,waiting
7104f16b-1a51-4a04-8378-7f126073e3fb,2023-03-20 15:29:09,31.856895245132367,10.29420373733112,633.7403832346986,308.9966381164939,4891.0,1.7356857849980312,0.077737838433926,io,high,running
324f05f0-0e2d-4e89-a9a1-72de579614d3,2023-04-29 03:05:35,66.74103799636816,74.1843499503936,824.4758185609787,455.979224302587,3609.0,79.27773618313623,0.3896493527305072,io,medium,running
fac1cbf0-a7b9-496e-b759-739a7ad91d73,2023-07-01 09:28:52,13.179786240439215,46.21608889739094,454.781238647073,400.4471255979698,4476.0,70.65627645702982,0.662092535460556,compute,low,waiting
ab051dd8-5498-49b1-a106-4af23af35547,2023-03-04 20:25:41,18.31913620071168,16.110977626435663,529.3430064260992,29.880274232582103,7852.0,96.99785890853909,0.9733203336883652,compute,low,waiting
ddbd9bc0-df49-4c6f-800d-f24e5eae6160,2023-01-27 21:53:10,82.89400292173632,87.01923061036442,542.5548348586102,178.85636234341146,25.0,77.96019623118879,0.5193313196414083,io,low,running
65c8b2ae-5008-4c1c-82de-f17f82ad4b9e,2023-02-21 07:56:43,73.5194022122595,65.02698053649641,289.9052071708622,282.5812049567958,1638.0,62.4072222144687,0.1571190579287893,network,high,running
57f1377e-0fb3-424b-ab60-a0dd2a26050d,2023-01-10 11:22:51,24.875314351995804,69.98463124238998,668.8237805431554,346.4723552967517,6927.0,10.61416050986763,0.6517350483033623,io,high,completed
3ccda746-edc8-4644-8708-ed5670f49c68,2023-03-09 06:11:47,57.61573344178369,20.024982139037363,611.5421020446637,43.34852630051495,3892.0,63.71638357521165,0.4736537575699034,network,high,waiting
6fd26e50-2c6e-433a-92b7-58ff30d3e7c2,2023-05-20 09:56:33,59.2041931271839,69.43359314537211,969.8421086177332,351.92181072678267,7690.0,76.44775406403667,0.4824839752435486,network,low,waiting
7661db27-d45b-4f8c-ac4f-f98698981b92,2023-03-24 10:20:12,22.308163264061832,13.850612685150686,963.0065502325604,80.88955031349255,5551.0,74.33652141493774,0.7681178276560313,io,high,waiting
3c7a103c-03a6-4a34-bdb7-8fc075b51210,2023-04-06 13:46:56,95.2749011516985,92.86385308703645,61.10591501366402,335.5783019154601,4567.0,78.74270933599841,0.9784111881654608,compute,low,running
b3b85134-a6a6-4e72-9ea2-3acbb9142b84,2023-01-14 22:18:29,44.71253786176273,11.453808138873944,617.0438474724873,286.916373228981,4582.0,63.65949071714305,0.9594409012768902,io,high,completed
d60bbb59-6b2f-4ea2-9145-ccc60bf52bba,2023-01-30 00:00:10,84.64086724711278,33.08773927707082,994.9378624436758,447.1987482921684,4661.0,3.405124274097815,0.057022900252268,io,medium,waiting
204be5e8-539c-40bd-b922-3bbdd42f2a04,2023-04-23 15:52:28,72.52542798196406,4.998698342749986,374.3988507716412,492.5515939245252,9399.0,9.055539048841688,0.6709131883734287,compute,high,waiting
e815f934-58cf-4d89-8764-14048bae3dfa,2023-06-27 07:45:47,64.39901992296375,19.041777901249574,382.4415257006085,100.75015170406392,4607.0,45.74498870492071,0.458405852205929,io,low,waiting
413a5a96-a794-484b-9a2e-41e15493742c,2023-01-27 23:04:05,1.9193198309333528,89.6023718420428,653.3989103888748,1.1054979628530304,90.0,34.07344536781266,0.0929478078068067,io,low,running
7b428d17-6dbc-4ae7-a169-abe73e2f4d93,2023-06-28 23:41:19,66.01735374926851,15.351280896625374,169.27929077846727,151.39597814462618,6837.0,7.790832084234456,0.0484169241663093,network,medium,waiting
aaf886fd-412d-4358-af1a-84235db1a7d2,2023-04-29 20:58:39,61.80154289988416,58.48604702094381,448.1867346771023,449.3589710588448,5477.0,21.885574982699264,0.6827360474011808,compute,low,completed
09bb4b7e-9aec-49d1-b18d-5e2a822470d5,2023-01-18 16:50:26,29.82823259560308,35.479140102460974,335.63696902275586,88.29902474603962,2683.0,39.32186908893422,0.956374421652883,io,medium,completed
bb496d9f-c483-4124-a648-b4d6b312d2a2,2023-02-12 15:15:52,65.32008198571336,35.77099120191117,492.8520440881229,344.1772299815307,8121.0,98.01785191111512,0.9718880098582235,network,high,running
6417be25-0de9-4da7-9d78-d33448e9f460,2023-04-28 02:02:10,36.75618700478965,87.89890575423694,184.7566975300928,331.2705726927009,7572.0,61.13435059437556,0.6987054380859611,network,low,waiting
bd2336f9-a9c2-4e1f-a456-8aab33fd585f,2023-06-06 23:00:32,86.81260573682142,18.495085202024995,88.90443423119065,280.0688277706059,9433.0,98.43382825275164,0.8750317930202008,io,medium,running
838c0d7e-0d7c-4b97-9333-991c59da7334,2023-03-14 11:57:17,45.35426826780689,73.89732745425357,920.0835474935884,194.1253104962301,23.0,78.80330438588811,0.9107231563562568,network,high,completed
c2bd6313-3984-4abc-905e-9936235490b0,2023-07-11 06:16:38,97.55215050028858,88.96005908377423,463.5426899734418,182.35317206459024,6685.0,59.81568873919437,0.5008758415453977,io,low,completed
8874b31e-184c-4dac-8f42-2a0227f5343b,2023-04-16 17:36:04,85.5803342392611,74.89608691060357,502.7600161113865,168.35347826189044,1259.0,90.74241868463628,0.7460528836682723,compute,medium,running
12d68a4e-37ec-4267-8f17-c9d18a97c3da,2023-03-03 22:36:37,72.9990562424058,85.80502009965882,765.9244353216416,77.7025981619704,9072.0,78.55514169097503,0.0770017739935537,io,low,completed
db085752-fd9e-4f87-b856-e7209ffc4f6e,2023-01-26 09:04:11,19.99965248964001,6.301437150889777,799.5879709636991,181.16534418963224,315.0,83.65611175136391,0.5722349681517078,io,medium,waiting
8e889cce-7128-4f70-9ca1-3a428868f843,2023-02-11 04:28:34,92.80812934655908,66.5976992859723,870.918150479655,102.91783116353758,5058.0,52.01122190695969,0.9321797378571148,compute,medium,completed
a8b17bad-30c8-4320-b463-26b87b61605c,2023-06-27 09:19:55,3.1838929531307847,79.95280390930532,544.1636981138809,315.8270997752432,516.0,85.9732353379807,0.2561857097601198,io,high,completed
6e758a3e-451a-4531-ae9f-4b9096312f71,2023-03-15 15:46:02,16.469415649791273,75.06530627233423,722.3071062380426,293.75683501218293,4283.0,94.49614657521136,0.7645841819131798,network,medium,waiting
4f273f4c-5fbe-406b-9da4-496d78ea9a80,2023-06-06 06:37:51,57.72285886041676,74.40451795874068,170.73854816422562,492.6896568916995,6374.0,10.435204663007749,0.256471104844692,network,high,waiting
c39b61f0-22ed-4fd0-97b9-73480b087a06,2023-03-08 16:03:30,61.3965955965896,50.663235484460834,100.09547065033752,33.36846462756288,3336.0,12.71124055489773,0.6142901991055375,compute,high,running
54b7218c-b15d-4e68-8f82-780f1a27e946,2023-01-25 22:18:18,39.82210622160919,25.014166791218663,551.8615241762881,172.26518350691467,9721.0,65.01097341552725,0.0241110338888196,compute,low,waiting
b83e9e6f-8403-4d53-aff9-0ac417e5b196,2023-01-27 04:14:02,18.619300588033617,46.64200719253139,607.1368593700302,39.9007700559198,446.0,80.4573551525698,0.7020631701759807,compute,medium,completed
2093c63f-1c44-4dd5-9974-ee599cb54517,2023-04-23 05:18:26,22.741462797332325,27.0925426382151,470.5831235855328,133.63882943241035,822.0,99.71114337260228,0.2920060713958483,compute,low,waiting
76640db4-80f4-4463-ad6b-5807660bdf9f,2023-01-13 15:39:57,31.179588199410254,91.99490052382518,240.97210523329605,215.28134676684684,6970.0,49.51224213356842,0.7608651421793868,io,high,running
eb0405c8-1acf-4240-b6cb-4d17b1f6cc00,2023-05-01 12:22:51,37.775183929248094,4.341574962099504,343.0196279491976,49.7454888138294,5674.0,76.080731897503,0.9802848899065196,network,low,running
aa35f0b5-4562-4e36-81f4-3781d6b2dc3f,2023-01-05 04:54:58,17.960367755963482,86.86153163440123,688.3343721707497,448.7028133095722,4694.0,91.95803274838704,0.4094842194917101,io,low,completed
b6f4fe32-d208-4e86-97ca-cd141f556498,2023-03-30 23:41:34,2.467872839133123,67.74630259347603,868.81067179924,373.0905600183975,8291.0,61.7641162729846,0.6487937660429542,io,medium,completed
d0f9ad0b-b6e5-4f47-a34c-0ab0dcde3b24,2023-04-16 01:42:39,99.03389473967044,57.18994494941596,582.0561238777985,379.10143473986886,6514.0,94.233129048279,0.7824434782055876,network,high,completed
a5151763-60fc-413e-bbe3-c6dd2edbbf29,2023-01-11 17:56:34,21.689698439847398,32.35100538520673,378.7857469271978,418.5457449474973,9170.0,33.612024665762895,0.9500576202629124,io,medium,running
f5c0aad6-dd73-4cc3-ac35-24b91a9ff375,2023-01-23 21:11:47,32.00171508224678,72.02774134888148,15.138964505882257,25.408774720016517,4493.0,78.88880799990544,0.5589526155361939,compute,medium,completed
d848d439-5e29-46a4-8c37-7f79423b7745,2023-06-24 15:26:45,83.10484552361905,10.624067055696662,236.1577837449613,205.4114339051777,2744.0,95.21070213631504,0.0693860325866114,network,medium,running
d64db6ed-ea5b-4959-b412-5d5f94fd5133,2023-02-12 11:50:32,62.89818435911487,57.3421011186889,30.77204744078588,26.918298439336077,2904.0,55.03252323633762,0.1387378400441488,io,high,completed
8facb335-867a-420c-a61c-0078fefd48af,2023-02-16 19:32:36,79.80468339125638,94.02818394337396,268.4806970297662,46.94087363553162,7884.0,15.458934192623596,0.8844910821724217,network,high,completed
992bad99-a7e3-4def-a0eb-865dab4078e4,2023-04-01 06:31:08,94.73705904889242,23.816349747434483,441.1209792120487,159.5816066193702,5053.0,19.72559169205771,0.6505977181336834,io,medium,running
47d350f9-d8b6-467c-8120-18d8f3e6c9a5,2023-02-10 18:32:53,25.39416425950258,90.4732388503033,259.43806794877247,8.218442092911172,2940.0,44.28637160734024,0.1056888026898708,network,medium,running
b98d225d-0e6a-48f3-bbf9-505f7a3db1c6,2023-05-13 18:49:46,51.82007139306633,77.19909756830413,714.1700184002359,21.818306813785327,2870.0,35.20715864765482,0.7505470799248786,io,medium,running
325ad36c-5293-45a2-8a3b-0056e44bb8d6,2023-04-24 13:37:09,2.566271805453157,33.82918506734889,574.2470486191442,36.44071381752245,4933.0,24.766946645050258,0.3095031574651239,io,high,waiting
2ce54812-d391-4d21-b8d7-6e6c9cf73e37,2023-05-29 05:50:43,11.75318559620331,57.52677648243502,997.9731423891088,222.7786553390192,3917.0,30.60642470604621,0.8825644180386788,io,medium,waiting
ccbebfcc-7b87-41a8-ae87-e0a87b916478,2023-05-26 03:50:29,13.206810634515332,63.149487828576646,356.4186093353514,301.1634532019495,3047.0,25.20462617060787,0.8805816112426952,network,low,completed
6ee717d7-4712-491d-b8f7-46a255d73372,2023-04-07 15:49:11,14.484775934337724,94.76418475115426,460.5754822221544,104.32343184636676,281.0,87.23456934585016,0.3515590506298837,compute,low,running
7c05432e-d80e-4f19-83e0-84bf02a5da0e,2023-06-18 07:08:52,94.04319452528132,22.20696278055321,302.8937175081404,323.4977462651814,5699.0,98.39111609767126,0.4369986553773424,io,medium,running
3d8ff878-3675-45c9-ae20-30c2d444edd3,2023-06-17 11:16:26,74.86636198505472,17.643494116728043,515.1790911077783,444.3779249103055,722.0,53.73318052212797,0.4342096026715979,compute,high,waiting
047280e2-58eb-4b44-bc61-a24c31b05503,2023-02-24 09:32:16,55.219246992240656,85.86490746767423,814.1871564653461,413.48420825742346,320.0,52.23118734446778,0.958797736127477,compute,medium,running
021d1c7a-9ece-4285-99b3-e0c3b696f014,2023-06-11 01:03:36,1.6429629591474204,87.4470805076049,618.282508982414,179.6173686134359,1377.0,40.27845770656802,0.523877842224092,network,high,running
68424039-231a-4b4d-ac2a-fbe152d5f361,2023-04-07 06:46:34,92.95293167921903,96.59137729959228,839.9128251747557,207.89188830764667,7697.0,11.71457387955167,0.5009202408457936,io,high,waiting
f6734287-979e-4bd4-ac31-e980d08affa9,2023-05-19 19:58:17,66.99165465909101,22.959096370131117,756.923419829186,406.0633635586482,9426.0,81.4319302740294,0.9812900835184116,io,low,running
fe7d478b-99a5-49b8-ad65-069a75b9de86,2023-07-19 02:05:31,58.64101661863267,95.96688039536546,399.17003610735634,11.314687801979806,8221.0,46.64121161830552,0.6874645168679127,compute,low,waiting
1b1b5198-23e2-4248-a786-f55eebdc684c,2023-07-15 01:07:42,63.04479368667912,18.278146406242342,676.1474159200203,480.2522781819112,7539.0,70.80522928206535,0.1496705178791066,compute,low,completed
1c1ae6d7-2f59-4da9-9a77-7e0677dff366,2023-01-19 10:00:45,84.89435553129182,67.80090839724399,502.79117300120777,210.55733787680455,222.0,59.44587606233316,0.4516020651600293,io,medium,running
878d36b4-d09d-417d-b3e9-1ed08028e03b,2023-04-08 09:46:13,61.78766919175238,6.4470000472549245,266.8594020089239,23.48707823265439,5880.0,57.04472384607687,0.6950503366873687,network,medium,waiting
3ec548a6-b675-43e0-8a71-a1567648f513,2023-07-15 20:36:57,34.72335179322196,75.28313432497703,652.2311219778189,399.5653639643399,2477.0,76.63000064378103,0.9416968117291404,compute,medium,waiting
76c81792-2393-4654-a934-22694bee0e23,2023-01-26 03:10:26,14.814086094816505,41.39270048406013,866.6502853648391,115.2758450554086,8747.0,72.03042919566995,0.8969927198172419,network,low,running
35dcefff-b659-4469-be5e-6bcb8da021e4,2023-06-30 17:37:08,63.94725163987236,22.996734617054027,218.73657490089383,342.6499870571789,9455.0,61.4568636891874,0.691188039128571,network,low,waiting
20009386-5835-4fc6-9767-8e4a490e4234,2023-01-19 13:42:56,36.85846061296175,75.80051362958595,25.17783480965996,217.29123837417657,1513.0,17.74357440347647,0.7741063645385823,network,low,running
f5aa7461-7df2-487d-bc35-a0b3501673fe,2023-05-03 14:51:53,97.29194890231302,11.027599497167062,452.200473422493,66.08950878271253,40.0,99.61245155641062,0.3044790253662103,io,low,waiting
55e49d38-f13d-4fbc-b36d-5eb1d52e3611,2023-05-08 23:26:53,33.31451520286419,16.560969279331673,822.3342379405381,149.58841375484045,1391.0,22.49924847282535,0.2531834636034489,io,medium,completed
5274892e-4615-451f-ba6c-36a655256844,2023-07-06 21:25:33,40.72411714138073,55.23975488217474,787.0463500210482,189.47263700149676,4633.0,82.02335104701493,0.875693015126123,compute,low,completed
41776f9c-1f5e-4090-a33a-11a170d80692,2023-03-08 23:55:40,5.342718178682526,81.21905076416486,555.0058862075483,307.63269233326224,3935.0,37.67498578620301,0.0121114198175478,io,high,waiting
f9cdbf79-24f2-4c59-a9ba-940f3b74e1d6,2023-05-19 09:19:00,77.05807485027762,18.997862768543563,126.39392473637388,436.2396292210391,2729.0,87.00785871823896,0.2355733385321214,io,medium,completed
fddcba18-c531-4616-b0ff-3a139cf16890,2023-02-02 09:55:49,13.14827992911276,58.30537992392576,334.650105256621,44.3625041559052,6405.0,40.83974920579756,0.3692455940774622,io,high,completed
3e80947e-1cbd-47c2-9e15-075a83fa620d,2023-02-14 14:19:14,30.15986344809425,17.055418886247786,247.7049208365959,478.8027790563131,4639.0,52.031197429816245,0.7896775274306737,io,high,running
c8457cd3-5b3f-4523-8a2f-a568c921ca64,2023-02-09 14:13:54,37.99269559001205,54.58359703359449,448.1844108721797,169.05697783278194,1396.0,36.562263595563294,0.4871595137832825,io,high,running
6ff4691c-88e7-46ba-bf34-f748b731607c,2023-07-15 20:15:05,18.115096173690304,77.79782728366442,555.8908951186222,254.93394670272272,5014.0,54.993224220940526,0.8259808899264823,compute,low,waiting
bd3512b6-297b-4580-9af0-8f056892de02,2023-06-22 22:10:54,77.74075618487531,49.672963958176695,332.75447942719006,357.6298704788019,635.0,48.96058342034101,0.4790118833123146,io,high,waiting
0c7e8353-cf7a-4a2a-8907-c1861feef3ff,2023-06-02 03:07:57,37.38131379325614,14.3876167894312,702.3094820689871,400.1299752813755,217.0,73.8841054137192,0.4699298297123258,compute,high,completed
c0fa7040-9db5-44f7-8b88-8b16ba21a558,2023-04-01 10:12:27,58.7599635196389,50.92673561969495,922.7170664802296,314.9022115616036,6911.0,63.43262942287616,0.6132231221157197,network,low,waiting
f2692815-0ab5-4b3f-9775-801656ccdccd,2023-03-24 09:15:59,27.282190242446703,85.51074077565286,899.094839510049,124.43213276789903,9035.0,69.5643055638472,0.451521752146255,compute,low,waiting
72e7f95a-855f-466b-a8dc-b301352765d1,2023-01-08 22:40:24,37.08527992178888,38.648199147597936,357.1552626024616,301.75047174343246,5162.0,78.80141826714684,0.3902856383175511,io,high,waiting
b0a254de-e9d5-4069-9753-f0dc5f53fb84,2023-06-09 05:58:52,19.705428018563964,61.81143866868537,565.4037351094352,255.69751722224572,4569.0,44.077802646598784,0.8578897338761786,network,high,waiting
f61051f9-b927-4ffb-91ba-4dd369603896,2023-03-07 06:35:12,45.98558837560074,17.60996669564444,404.7957789819906,383.8564303635719,8649.0,32.98937382135341,0.4887075496096205,network,medium,running
3fa18e44-2d88-48bf-8681-c9194cd3f22d,2023-01-09 17:33:59,4.461230125411408,4.236754301124868,436.8742423865926,222.44100547736025,6835.0,99.3494284889123,0.890405812059025,network,high,completed
0c54be8b-0409-43c6-b9cc-8f91cd626b72,2023-07-20 00:43:32,64.55702444560039,26.60030154952251,196.643021417978,161.42795802218595,5710.0,43.68903347127612,0.8574821335387491,compute,high,waiting
d5dcf757-5523-4119-b398-17a86a58f8a3,2023-06-21 10:21:56,51.00168523182502,90.80898171835533,396.9623114883919,438.8566917151209,3349.0,28.384349288469117,0.147526196743019,network,high,running
2c6b80df-1f80-49e2-8a14-0200c053c4ac,2023-02-07 03:43:15,53.6177494703452,31.56699289242223,877.1338275181866,390.9012253535236,2583.0,23.947001918339197,0.8032672287073132,compute,medium,completed
f5e58e11-1413-4755-9e95-e70b053c8f3b,2023-03-27 16:16:14,54.38059500773264,25.487415612846785,400.9613107395135,413.9284438177344,1962.0,34.39751383131602,0.0976541279760436,compute,low,running
d943d39d-6d4d-47cf-99de-9d1fcbcee477,2023-03-03 05:19:36,72.41676366115432,50.12532514702133,395.2544335466847,379.0091790029632,9307.0,14.488216757140249,0.1470260602501739,compute,high,completed
19b30f96-9a61-43b7-a51d-07657ce9e8c2,2023-05-17 20:21:38,24.002027337970954,31.99653244635192,536.8764637928733,94.19287618971134,7491.0,10.781510529227244,0.207002498937736,io,high,completed
444b47ca-0a0f-4c1a-a376-7d9c630a0ec1,2023-06-16 16:02:23,79.63914745173317,63.77439173529199,213.4640348908682,129.0535770141799,9884.0,95.0836379470228,0.6966828506742405,compute,medium,running
f3bc9dc1-d4f3-4c9b-8cbd-3d8e838718fa,2023-01-26 11:02:19,95.91666030352224,76.83516981703765,396.07063271064914,344.08483624245605,9131.0,33.265799376163976,0.4147861719562632,io,low,completed
dbb406c0-3011-4676-83e3-e847475bf20f,2023-03-22 15:32:53,45.81388272600429,87.82247016003015,20.43793149997819,218.4622205553248,6483.0,32.80357856108061,0.1912649745011646,io,low,running
7d8965e3-501e-4e23-b83e-0c2db2f5baab,2023-02-04 22:06:24,59.09841653236849,2.210966137849524,266.96375065562603,300.23959913238326,5318.0,13.35963848931092,0.3452808998450883,io,low,waiting
5166b9ff-ecdd-4168-ba0c-1679df324a51,2023-04-05 09:44:48,45.7223453353857,64.55853817639968,638.1889307881773,480.6263145601609,2734.0,40.76423501617573,0.8079647522178469,compute,low,running
c59b4767-78bf-47ad-90e5-31deeae95373,2023-06-12 09:48:14,15.941446344895594,51.64146395383994,472.4157806395684,344.38332035026366,3206.0,2.121174975850859,0.526341557527794,network,low,completed
8fbc2552-2301-4206-99fd-91ae97182df2,2023-01-19 00:42:34,42.403225188984194,83.49454839204145,9.690372059884211,77.56183927476611,2004.0,80.692631942676,0.3232794846968119,network,low,waiting
e354eb68-3289-4689-b146-8eaa9eb47c36,2023-05-09 18:03:33,95.89827218634736,81.8031420784064,270.2480093383749,213.1699152434028,8977.0,50.80637793722394,0.2707010771612819,compute,high,running
588faca3-edcc-4331-bfbb-dee0adc0ac6a,2023-07-01 18:45:40,1.632850268370789,63.30522334699344,84.19477569147216,90.03952634160333,7002.0,30.25134320878284,0.9339314998594288,io,low,waiting
4dfd13c0-358e-400d-a1ed-0b283e07ae47,2023-02-24 05:22:46,40.12595008036087,42.24345181877369,407.5493730790986,36.78454283905469,9907.0,32.85088056838189,0.3438734124041995,network,high,completed
9a926ee7-edac-4857-872b-7fd7222cf754,2023-02-01 09:42:50,92.9291417302714,81.38843084243938,885.4332068267678,131.89018171117684,3412.0,49.26343869343257,0.6839603997388911,compute,high,running
7a6205bd-f528-4387-a759-75e4ae08f08d,2023-02-15 00:03:58,86.94885305466322,44.09540893928487,353.28631529255915,378.5934572283429,3749.0,98.69597266961024,0.9371675989416997,network,high,waiting
36f4644d-56f1-4188-9013-ec1000fc7e86,2023-03-23 11:24:43,32.670088176826006,30.34696475778944,609.0607372028716,482.4220133941296,2893.0,14.889339136121292,0.4227196713584811,compute,medium,completed
e4ab1fba-f5c3-4962-9f8a-dcda5ef5f719,2023-01-04 08:02:24,61.44647064768744,99.3775119221348,1.1251666243581315,347.8428825339664,7107.0,86.4564420272631,0.594552195110325,compute,medium,waiting
79e33066-ca5f-4fa1-9628-b56ba8cb6188,2023-04-14 08:19:35,13.105523121525774,58.11583851732925,99.40056829954048,499.0634944643422,3018.0,45.40892341149589,0.9698582173286092,network,medium,completed
084b45df-957c-4f02-9be1-dc1b7293913c,2023-04-29 11:54:12,1.203622289765427,77.85675988819133,30.678722828627823,138.5749732885231,5928.0,88.33177487401046,0.8947274609159891,io,medium,waiting
201c18ba-ffd9-4c83-b67e-3ecb8f58b3cd,2023-04-02 22:34:43,61.84802595127479,17.871636219466435,477.2616577825848,347.55695522909866,3071.0,62.30017227871552,0.9031409122517208,io,medium,waiting
e033ec83-a86a-46dd-a306-5abcaf067688,2023-03-22 21:53:41,16.295442604660536,32.49849950318091,149.69618099105543,110.52386576295449,2185.0,23.093169214953736,0.1795337045004786,compute,medium,waiting
6966f0fa-34df-4e53-82f1-85ff2cfd296b,2023-04-15 20:03:06,6.53042071517802,95.2981819343611,182.774648730899,281.7809106446083,8903.0,11.12860727158611,0.2823770466759012,network,medium,completed
0083abb7-63cf-4489-97da-437c2b551961,2023-04-23 13:32:04,78.32344383138131,99.1503943633095,614.1879641931677,179.1984147584475,4192.0,12.923467126705802,0.2397929810144531,network,high,completed
27336983-df3c-4f13-92c1-9207369adf86,2023-07-05 04:56:07,28.839849733149396,45.1144313436863,544.8119353812905,250.00668321080025,1068.0,63.73058980989059,0.152519689586826,compute,low,running
827c34c0-eb2c-4952-84cd-dd6f80e62c4d,2023-04-08 10:15:36,24.1418620076574,60.20507381798381,652.8040480917554,23.04323665463537,2726.0,13.090221128383394,0.6892434771428664,compute,medium,waiting
5967080e-b55b-4253-bfa1-d7c6f9ae8772,2023-06-19 20:13:52,42.40889884358493,50.08043417447857,810.9384179441769,24.248093585829466,1804.0,37.22212723456914,0.9401907391968444,compute,medium,completed
a1cc61f2-91a7-4dcd-8b8e-bb8b622a9f3f,2023-04-16 21:44:21,36.05455604858923,14.04196474160856,990.9640776044158,347.5325158006227,6165.0,90.88557669332376,0.8493941367623487,io,high,waiting
0ddaebc0-56b1-4b9e-a35e-a0562ff33e83,2023-07-19 09:09:12,82.86569145557378,39.575921977659554,325.6381801910786,345.39183844332496,6550.0,99.33874700644236,0.1958364709471572,compute,high,waiting
d38f57d1-8e1e-41c5-9cd7-bf9a402a31db,2023-03-29 07:33:53,4.600731088729693,7.36270941132704,355.5341342985391,393.44270314484856,8142.0,24.64817789277112,0.9877894655167226,network,high,completed
5f0d492b-d7bc-44b4-acf8-a473a72754cf,2023-01-26 14:52:01,96.89717046703518,75.70339228249404,27.84492994291343,130.57857631741888,1268.0,15.377966491432826,0.5790049941101469,io,low,running
4b4121e5-322d-40ce-b568-e05876f42ab7,2023-03-23 17:09:47,24.94200410564512,21.03044122628006,536.3330807347143,329.443274142864,9655.0,95.23688009610989,0.3609842754034402,compute,high,completed
b2c46ed6-bcad-4705-ad2a-b60d28334f09,2023-03-28 05:26:38,10.590615488223222,19.04828353650928,319.20394913845297,103.49400802006704,9246.0,82.74870197687105,0.3117325243998368,compute,medium,running
053c8eed-6f17-430d-877a-f184c8cd450c,2023-04-25 18:30:38,37.42961833209161,91.89634278323229,858.821409026305,367.8797157922931,9805.0,35.260439612736874,0.1900151042902976,compute,medium,waiting
3b9420da-dfa4-44be-9ec0-89a9e1ac20e0,2023-02-20 19:34:36,17.185309904764303,79.07875291435272,517.0631798426438,182.20474927515264,709.0,33.27723124695483,0.708612859835234,network,low,completed
86d6e105-2857-4d35-938d-d0a770007eb6,2023-05-06 20:06:43,63.39976977446607,55.86015253765092,943.9076975237516,97.57324545228484,6625.0,18.139376415331544,0.228745298521638,network,high,waiting
ace7c60e-1b32-4699-be75-e2db2979339c,2023-06-19 01:27:55,86.72894054624648,81.03516042806702,622.4274596997514,189.7037822273655,9541.0,44.7991121274637,0.0164782501948967,io,medium,waiting
e35fac95-8ee2-41e2-8f26-e3f6347f4d42,2023-06-16 02:23:41,96.79655666042272,66.16325489251086,595.5821280878436,450.0959082659601,5635.0,45.59416745059851,0.8015839925844318,compute,low,running
5240b0d0-0592-4332-9f0f-150cf88787a9,2023-04-26 16:08:40,45.18216826697597,26.423002197703383,484.8154847270153,400.3862797981464,8340.0,69.53114818317918,0.7935021762547265,compute,high,waiting
a9bb6ef9-189a-4802-a4b9-f9347e3cc459,2023-03-24 23:03:29,7.086977818420836,7.661106023609642,429.2541739973152,315.8838352501615,86.0,88.23275526540579,0.3381235072625598,io,medium,waiting
e626c156-cd9f-4cc9-afc8-08ebde493635,2023-01-16 08:16:16,15.235470568773046,21.469130172897245,999.7060138260276,78.26794578285224,6248.0,10.487017102685837,0.216955560982894,network,high,waiting
ea5faed2-c016-42ec-8b3d-75099fbc0e25,2023-03-08 01:21:51,41.74863747960118,56.43395801944391,592.5013373857819,395.6667022588903,3368.0,47.75113106906155,0.0590721074019322,network,low,waiting
08241af1-4254-49aa-865e-1852c10df5f8,2023-03-15 18:09:41,60.4117804020882,29.114554582800444,671.6961824841429,368.3998158363868,9316.0,9.615111453382518,0.5713315414536071,io,medium,completed
f323e922-8d0d-4abc-98ff-595b832b9716,2023-06-14 11:24:10,89.538588428821,58.398592335297664,408.1495297339215,210.67644974762945,582.0,10.02651188875402,0.2598684112844627,io,medium,waiting
6c3e7616-a2a2-44d2-bb36-bf0b7861ffd9,2023-05-13 20:00:13,55.20782766919709,56.40799516077577,212.00215786102183,29.93129856248633,139.0,7.101162541647465,0.1993387895183057,io,low,running
6f937cac-a2dd-4b7f-8b69-0df85da32b3e,2023-04-14 06:56:39,24.8413465082971,15.564075886596784,371.2476619149482,182.48714016790203,3928.0,29.05502687754614,0.8749273068072607,network,high,waiting
cfda4965-180f-4e7a-a588-305b9c27c073,2023-02-20 22:07:28,4.869029597552855,25.02914854860623,313.0070690045179,472.5277719142772,2963.0,1.5857570627974216,0.6479273741156769,network,low,completed
e0d75be7-cf72-4519-96a0-e74e7501b105,2023-05-19 17:07:25,10.462788874247408,27.32695849757949,749.601744720377,471.65436753749816,1618.0,25.836928082151967,0.4604191976969002,io,high,waiting
a7f95e4e-7e9d-45b7-9e40-941977aa5a63,2023-04-16 05:00:45,34.847598903349706,84.16079445974121,655.0716937492851,354.07787775996064,8666.0,68.00154597663517,0.5343981675608622,network,medium,waiting
079eff29-8b03-4485-a9df-45dcf7d77944,2023-03-01 21:09:09,74.00975256176825,9.86112797832801,445.70237797259193,206.11896092052257,7728.0,8.987406219266802,0.2779377580190865,io,medium,running
44a9f1c8-0910-4f3b-a796-67b843a61c7f,2023-07-12 22:04:21,62.238442856600486,13.66257038112112,124.28661019939014,463.7852533135495,3687.0,39.82380681219168,0.5116492617397069,compute,high,completed
f38821bd-583b-4ede-94a2-c8782d8da0ce,2023-06-30 11:47:22,3.023525800598259,79.11356859634346,972.745313473236,448.3366752734895,1275.0,49.49261458949557,0.9577840861239096,io,medium,running
abe545ce-dd85-43d8-b64b-f71068534aa6,2023-06-24 06:38:54,71.03368289742133,43.40530037315965,527.9381943608201,308.31206014003766,3331.0,86.057744651621,0.014471790410004,compute,low,waiting
85b97eee-bbce-461e-8ef3-864e48cb88be,2023-05-08 07:10:41,92.21114617671932,57.447175380949375,544.3545487911512,478.74705881657866,9833.0,42.38043039775541,0.9861117006064718,network,high,completed
0ee116ac-cc4b-408d-8ab2-36a8a4d7ed93,2023-01-30 19:34:05,8.94945450329001,18.61621500582107,914.6582780336782,191.30696532458825,3401.0,54.33972682780527,0.0116498635710712,io,medium,waiting
7494dc2d-600a-4ffa-a2da-16d158aa3875,2023-03-12 17:53:59,34.26109843415903,44.500690443703824,513.632007712764,266.4465952415879,7746.0,49.47430689723612,0.4655069112530121,compute,low,running
7c452947-6afd-4c97-9c30-2c4de3da1644,2023-07-04 05:29:01,11.570323332709364,86.15562592141015,591.9562549098997,329.53215170157404,8698.0,94.91753845953656,0.8956095805889641,io,medium,completed
8eea59a5-d54c-4bde-8b14-b14706c9e955,2023-01-08 06:32:49,69.5270005904686,78.36873839924294,359.98142563813707,306.86583975025553,2788.0,61.61312313724668,0.0245768179416954,io,low,running
24189ee1-6bee-4dfc-8778-7cfb81dc6e44,2023-01-25 12:24:14,64.7196653894036,45.44516814695543,34.416203638577,52.20321684671803,9567.0,47.892240427865694,0.8003081347394997,io,low,waiting
d6dbf665-75c2-470a-89e3-1a0612e6798d,2023-01-05 04:56:32,1.6871673370039697,91.60995073335444,175.69942467357623,387.5530044139821,9027.0,73.80595702164649,0.2656964141340223,network,medium,running
f7327c3e-4efe-46ed-a164-76b26204e1ee,2023-02-13 21:57:54,69.64824307014501,4.04279668266625,237.40105307906413,243.7579016591257,8534.0,16.63405151080375,0.7333443915211122,compute,high,running
dd17755a-7f75-4a27-b610-ac398d85f20e,2023-05-26 16:51:15,81.36786497018635,94.17272178868495,39.60507430377047,30.763934108384795,6851.0,38.16938610361177,0.0975101147271531,io,high,completed
7717c976-90cc-40b6-bf9c-4370d3771a78,2023-01-31 16:17:20,50.980719662158414,67.53807899450342,149.48590738538948,195.0407117688433,3704.0,25.67902821117165,0.7509488098805828,io,low,waiting
f11fa222-87ed-40ec-be83-03df35b1e94e,2023-01-12 02:57:42,44.20356377299253,76.72005207295852,160.40714621866493,127.21456431054278,179.0,80.95404157007535,0.4389329904442457,network,medium,completed
d957d2cc-53f4-4bcc-9541-f41a0890eee4,2023-03-13 03:53:36,9.088573203240946,64.51198390520504,75.29793710850852,162.31834477633916,1164.0,12.239366891664083,0.216978476702133,io,medium,running
b3de54c7-afed-4169-a11c-98c1b188a52c,2023-04-18 11:05:38,62.329467302013065,48.76262057106716,404.32548693246827,160.22031986731906,4942.0,59.32679183452506,0.272852996654543,compute,low,completed
415b0828-111d-4db9-9c0c-393cd0a0c13b,2023-01-14 22:46:50,13.346147093493444,98.31250859230724,465.1093808252562,182.04543462741876,5522.0,72.36786089496118,0.258338612853016,io,low,waiting
3901d630-cbd5-480e-9a2c-7ac65f13f294,2023-03-16 01:50:14,98.05801327872824,77.3293826803797,958.0843543840094,131.38824219165912,8650.0,36.61958943836638,0.2900146669019987,compute,high,completed
a85c143f-fac2-446a-bbe1-bb7e185b44f7,2023-04-25 22:22:29,87.17857347554929,74.08514645735968,356.8155082329212,307.7238457805099,3889.0,92.10326754451542,0.2536243277674481,io,high,completed
261fcd82-5ba4-4e7b-90ad-d7920664f475,2023-04-22 02:29:40,50.2720761145324,84.85464399826861,166.8431750109743,358.4150106959281,2461.0,68.01415771508496,0.8460693257849852,compute,medium,completed
1dbeb0a6-9e9a-4ad9-8b23-bf5084b5354f,2023-02-08 23:07:42,54.13807937571357,5.162542759666322,92.10791496083937,435.88891534661207,418.0,24.216090966220023,0.1461308389934938,network,high,waiting
534644a2-81aa-4bcf-94a9-cdc74fb43a09,2023-01-10 10:47:05,91.97828107781584,30.98857882161078,210.76657962725983,167.7932745561224,3377.0,80.63287157599845,0.2770363679619351,network,medium,running
e2dd800d-52ea-4a8f-8441-8f5f5fa25d2a,2023-01-05 17:42:01,3.603381742856948,62.28186180237262,946.0826851232744,77.04666424751494,9355.0,76.35436424780077,0.6208846653910826,io,low,running
7f0530e0-b293-4d76-aaf8-8b220fd569a5,2023-03-05 04:23:13,17.477200416093996,19.232340923525825,8.367596430441715,139.9760334397771,7681.0,76.39616985041532,0.0491042861710887,io,high,waiting
b7436c77-c020-48d7-8687-8801f9bf9b0b,2023-02-06 04:59:48,16.046764388760103,52.896705253994334,717.6267926603026,52.4473659245277,3244.0,40.97666661917162,0.5399111743691489,network,medium,running
1a661ee7-30b6-48c8-ab49-6d0f4e91eb7b,2023-05-14 18:02:05,16.023046632014328,76.07474469221636,641.6150565656884,225.57218952814785,1403.0,62.92776396405226,0.1244683736957181,compute,high,waiting
850f6a37-8ed1-40aa-a4a3-f2751b34a76d,2023-07-10 01:53:03,52.89399290308832,96.35884111050711,980.9618938685484,456.05099324673847,4702.0,30.467289154587263,0.4277898499475812,io,low,waiting
1ca3ca4c-a990-46e6-8652-789513455071,2023-04-04 21:44:05,32.798800090807966,31.744253973115256,821.9933441539387,448.88532723957206,1464.0,82.10133406338606,0.896463178043667,network,high,completed
f7b8181b-0580-4385-95e4-69b06346e900,2023-05-03 19:21:38,28.39999767621011,56.672977481912426,948.7154420078446,386.4329675814563,3058.0,34.9211535760925,0.4048919961331061,network,low,waiting
846b9e64-801a-4631-a94e-3729befcabf1,2023-03-30 01:14:53,23.8413280924058,53.41904892030305,316.7392373148775,470.2782904552162,6253.0,36.65001174210205,0.905368488741911,network,medium,running
8082e783-4ec7-4d94-b4e5-6a032e3271a3,2023-06-28 17:58:31,59.102690087049126,2.1175335274212115,971.8675786550511,98.6074545912003,1647.0,98.03742042996775,0.2631187817582607,compute,low,running
48b9d81d-a6a2-41da-aee8-8b4c61f6d6b0,2023-04-05 19:40:38,63.758269453079286,35.16187870030851,715.5360355214088,370.4664685706638,1828.0,7.272895293437398,0.933394189706413,io,medium,waiting
f2dd882b-6360-4da3-a8eb-ef04b62bdc68,2023-01-01 17:28:49,88.97936564455402,46.08822556197831,226.76562124162743,154.11425035346966,3415.0,11.093020070465876,0.8361592896608614,compute,medium,running
51509704-6b36-4ac9-9b34-26320f492988,2023-04-08 07:50:26,69.82484778182906,24.90587064303471,729.2341905610732,58.10540583257057,5141.0,56.06000929672249,0.668632947265741,io,high,completed
cb906d11-6e42-4a84-8130-29e6d3eb688b,2023-03-08 19:16:30,24.190170420148483,76.03554594860043,179.79915327304963,120.80058173205772,8923.0,28.540958135825974,0.0512828338075267,compute,medium,waiting
8b078c54-f036-4738-b539-68cd90ddafc9,2023-02-22 18:37:59,11.732048038481102,26.156387519943223,531.8160252720066,464.4050711444639,5677.0,56.323966010178616,0.5777166581642376,io,high,running
9e07262b-d7c7-444a-8f6d-c3460d61eb5c,2023-06-29 11:02:05,10.700414019379156,56.92043732076903,627.2446610434354,379.5262171424614,2984.0,97.22676662295753,0.7978881870441795,network,medium,completed
72a51630-48f3-4110-b5ce-ef3ae69dd8d3,2023-02-28 04:11:21,58.96947230135508,49.61225299689004,741.841702361066,99.35234708744622,9885.0,94.24121345113606,0.0690935445010464,compute,medium,waiting
9ba6c464-9979-42bd-a2b7-f13dced48038,2023-02-25 05:21:17,14.780867669727238,52.51621895350645,714.3451562885076,305.0406436293971,6916.0,21.995875340800875,0.1073749211965898,network,medium,waiting
ddbd7a5b-8e96-4a1d-a9d9-969cd6760aea,2023-05-01 19:42:11,49.77769078253418,54.627479761622055,902.1795064841658,443.7619967718328,3533.0,4.9826625119456125,0.4875321538558603,network,medium,completed
56019b2e-6e7b-47b2-aa86-b94b9894c704,2023-05-19 04:04:29,24.15570400399184,98.42113363020844,832.5339978870089,327.4586836534869,7285.0,40.78796678366617,0.09574773911744,io,high,running
04e1a132-60d6-4c54-92c4-a8d9dd77738d,2023-01-06 13:51:29,5.853492223555879,81.18977153204366,449.76155341343,66.9897869426731,96.0,60.00017226973901,0.2490683768772253,compute,low,completed
8a6409ea-2340-4446-a78e-2db3993a6a65,2023-03-11 09:51:11,45.705876133136734,7.780381739715714,836.503261889329,85.43136986951893,3921.0,46.63947428361661,0.9172287947575224,compute,medium,completed
f6d425c6-cf7a-42ff-b31e-fc4ac73c7dc0,2023-03-19 04:01:14,97.99623263423094,77.37264881995179,538.10823210413,345.9149576197934,7378.0,88.90805472692774,0.334399206897999,io,low,completed
5790678e-e03f-4723-a2da-b1b19cb949b9,2023-03-12 23:07:00,42.37063534554728,90.20976142782824,319.8091693386519,382.2864292030082,4839.0,83.28274115806659,0.0507751490037328,network,medium,running
9cf026ed-a08b-46f4-8690-07adf9a87a7b,2023-02-18 06:46:48,40.37927406673345,90.67171888900086,746.6509811373293,240.51073458754692,6920.0,7.550625351321538,0.0097594572801253,io,medium,completed
886002f3-df60-443f-ae07-ef687c6191d1,2023-04-11 21:32:06,39.91611452547731,54.829018855920594,562.2727528890882,350.027435799092,3812.0,74.68160064584546,0.4315069253755359,compute,high,running
d41856b3-db71-4258-8afb-bb5253335cd1,2023-01-02 11:21:14,7.004219014464463,27.72226065942692,469.80132284633567,30.24843638482272,8257.0,13.377181243182669,0.3772734149129411,compute,medium,completed
a3b60ebd-0f93-46c5-946c-d375d698add8,2023-07-16 01:22:25,40.50356132969499,9.01139952228368,4.037594267491174,224.57083751806377,4379.0,70.51781680415426,0.7926643617412436,compute,medium,waiting
2d993ff0-1cba-4ebd-9261-35da58e42dc4,2023-05-19 22:21:17,10.97844580625007,80.80665230346011,536.7688156202164,371.5767961491125,2747.0,77.29174210437851,0.9593220180341934,network,low,waiting
6ac304b5-6c0a-419a-bae6-936453c12c5b,2023-06-03 03:57:58,2.919023484891325,97.93927343445075,377.91747914728455,246.14672346383648,1871.0,55.9336277031129,0.4716818775157884,io,high,waiting
2ac0bae7-0dd9-431d-9d1a-41785513dab9,2023-05-31 02:44:53,37.32159557447942,40.32661786806179,81.93606218910831,447.69537294419615,3670.0,85.72981200077838,0.7426072036826746,network,high,running
c2e4717d-9255-476d-a62b-5b16785cc39e,2023-01-30 17:56:21,22.13964462927722,61.28999804898813,762.9598059477828,141.94127390269668,6674.0,16.429006923770096,0.8369674560376308,io,high,waiting
472fd2fb-e3a0-4c76-89f2-e9dd05e12916,2023-05-05 13:51:00,85.6276179622782,98.59177308863312,887.711114044826,388.5116792389811,660.0,49.0189074693372,0.0371173264985074,network,high,completed
66ea9a42-f8fb-413a-9b97-c6b308961845,2023-04-04 08:02:18,19.959614212011434,32.88871467064295,166.84439489948832,80.02054280068543,1595.0,15.744260821914535,0.0118107179631127,network,low,completed
3cbafd11-6ff2-4829-9be6-50aa078b923a,2023-02-14 09:51:29,52.82340891785358,79.28916943671616,705.633581432676,38.11594807290791,5878.0,96.25027143624558,0.1001491068498779,network,high,waiting
a659073f-926d-4c4c-94fc-c864c68ad120,2023-03-08 19:52:33,34.944029204853486,51.676408097804696,931.4397964333224,292.7752964388245,3240.0,36.14794353808004,0.185004125700551,network,medium,running
e15e82b1-c655-432a-b4c1-5738bf51da0a,2023-01-27 00:56:23,92.7211807373118,17.325379972443187,198.81379747385355,176.6965259523008,3413.0,82.96171296923092,0.3340596951882945,io,high,completed
031f8d52-0c01-4cda-8ffc-228cf8620aa6,2023-01-08 20:18:48,2.895254902696054,34.40559091699693,266.64445368562104,189.0469128479395,7866.0,49.59025189018826,0.2345289711513621,io,low,running
b20c173a-7fa9-4068-8dc4-4adad0e98a30,2023-03-04 01:14:50,89.56912912102034,61.72084079916112,550.5310184733431,340.6810827537781,763.0,19.0886970060969,0.8695349974403291,compute,high,running
9e9675d6-ecd0-4afb-b397-af9b6b50ea46,2023-05-25 09:59:19,87.83724953799941,94.33700265865068,343.9876659069854,396.3094084976985,4209.0,57.11401364630877,0.0120227446808579,network,high,running
a36ea834-20fe-48fe-9fe0-c24e357eb249,2023-07-06 15:13:09,26.090449938105976,91.071208258485,662.9105194810909,488.2572023599543,8331.0,91.807607103557,0.2804213924713932,compute,medium,completed
f580c60b-d028-4899-9b52-759f2a092fbb,2023-07-14 05:26:30,8.13695988533053,67.31250126324257,788.2047106333459,381.0147481087622,4290.0,2.853675731300509,0.601707476799843,compute,high,running
c6366416-8a94-46b9-984b-2d6470fce6ab,2023-01-31 15:40:42,30.04036831584872,84.76231264678417,955.181342801762,380.65143792486094,9776.0,69.55950966588442,0.7405592575897707,io,low,waiting
5628fe7d-932b-4673-a543-56efcb83b320,2023-06-30 00:21:22,54.95005727952714,94.6806553634877,903.3225290802702,378.146059116845,6489.0,3.059099002209731,0.7474558160475633,io,high,running
4d995ecb-c2b7-460d-ba93-77adfabadae3,2023-02-18 19:23:17,37.19187485124613,96.11289658699712,579.9523206150579,97.57248923310236,2309.0,83.57680735520725,0.576391118439301,compute,high,completed
c8aebd81-fa18-429e-b232-14d58fcb4313,2023-04-30 02:45:54,33.61022663998874,44.59453934468068,164.770992864959,481.8354758856466,5425.0,4.215060200170395,0.6492142648702729,io,high,waiting
dc412f27-b790-4443-a97c-22891546af93,2023-06-24 09:09:39,94.50267769403914,96.46094214291642,831.7206264846035,2.1301363109542115,5636.0,28.789703270289145,0.6233704461120392,io,medium,waiting
d7fd1754-b9ba-4a25-a051-031059b726cc,2023-03-06 09:14:25,67.56891476442668,30.0513192747306,592.015160789528,387.2541251112452,2106.0,39.74881180450891,0.0755453513329703,network,low,running
e8050b60-4473-49f5-bb9c-5af8f926ec4b,2023-04-13 07:40:53,21.64572609442098,72.84117766734417,671.1585732082702,26.71240334878655,4708.0,74.32322562272333,0.8319479342579986,network,medium,running
6d2093bd-f9d2-4b45-b7cb-4241f0dfa2ac,2023-01-26 12:14:52,16.604782452124567,60.8298376918465,580.4888828048302,116.65945299768538,2489.0,46.12247988014685,0.6298842687393956,io,low,running
16398676-105f-4785-9585-b90a725ae1b2,2023-03-24 18:49:39,49.39578339872235,79.01255539792814,150.09026440653827,331.73779067563726,6859.0,94.55299862884983,0.9221696547448964,io,high,running
4e185697-f2b3-476b-b663-45c4308525a8,2023-03-09 16:43:31,84.42349615530242,0.9525976821156524,913.7351149224836,185.75860908907288,7829.0,88.71537448053475,0.8292192182431288,network,medium,running
a5f3ad2a-ebde-4e4c-ae8d-9964cad2f67f,2023-03-09 08:32:36,10.24137584524164,92.31681274630216,311.44073011249054,276.38004621785075,8688.0,31.59208538417799,0.5509980722836126,network,low,waiting
9bb24f88-c2f0-4927-b562-21109f4d3800,2023-03-23 09:31:01,56.8217593669845,66.06729113409622,752.656358614045,93.64487175204144,7540.0,55.20312262359043,0.0169253828571797,io,low,completed
931f33cb-6c22-4f63-9589-5b0cf09d927b,2023-05-03 08:14:05,48.3393535202392,56.73609054128067,71.85691139171036,357.7561060727192,1151.0,58.11927207241969,0.8394220806005492,io,low,running
45d35bac-1e9f-439a-90da-1cc8dd29fe55,2023-01-31 21:31:50,80.93649714891984,87.32856310251103,590.3981918125215,321.0736598249466,1913.0,3.7788660895027415,0.878425253513422,network,high,completed
7dc41a0c-f678-418d-8a5b-5809877b16fa,2023-04-20 12:53:44,62.16654364532578,54.73684812081861,534.271905341818,429.6793380642377,1515.0,18.19581248812949,0.7998107807544718,compute,low,completed
ecf77b67-2b80-4586-b4ca-b617632e229a,2023-06-16 02:11:58,28.85699576516956,89.20573287768273,567.3041903882009,266.22186301067467,2404.0,4.951988834526144,0.8804460955932777,io,low,running
43a00e30-2c8e-4d90-b745-ce522cc8455f,2023-02-26 01:20:38,74.52329600321292,90.48559973382432,21.166965231528945,212.2697563319164,3930.0,71.69868531607293,0.4143585827311499,io,low,completed
99849581-6054-4865-b471-fff084fe92ac,2023-02-11 23:10:12,52.69074490521803,39.419464045127526,575.9081402163577,97.41762232673662,8153.0,59.04600448298292,0.5751790543985272,io,low,waiting
e1d64c4e-bb44-4fae-bbb7-6b87d06cb932,2023-06-30 23:28:25,0.0545964896995654,83.86465528547863,963.4440955836031,73.38819645126033,430.0,19.05223526253156,0.6161919474164886,compute,medium,completed
04dc1841-0eda-465a-bbda-97927d68a275,2023-04-23 18:00:17,21.53982043432382,23.730811953902236,94.9595339733953,90.8371508782218,9541.0,88.98917397780288,0.9915129641242056,compute,low,waiting
2222c893-683c-47f4-a3d2-7b5f0ce53f99,2023-04-16 22:09:45,15.914623694224284,98.66322402183546,989.5838872929336,480.9357133306149,1812.0,12.024857154264456,0.0560215018632941,compute,high,running
3cb4d374-3af0-4c88-aafb-e875dec03d0b,2023-07-01 02:33:39,11.566187190501331,84.66936285686246,567.8281019775411,310.9221273489036,7597.0,71.65604160999206,0.166827753945445,compute,low,running
993cec03-b221-4aa2-8dde-beab346fc1e5,2023-06-14 20:53:47,63.74622773722066,50.81621041949733,26.760348768995467,372.58905655589774,6099.0,81.23660629759854,0.0521179872449993,network,low,waiting
658c91c4-6a97-49e5-9992-0ac2988dde92,2023-06-22 17:34:26,47.93845493891881,33.91588190551582,452.8212686566324,297.4421310888976,7972.0,15.636338142068771,0.4840645542500028,network,medium,completed
b1e3d931-0ca7-48a5-ab7c-aa05bc20dc95,2023-04-24 20:32:59,71.5052597465167,5.213099287710687,82.13997744614132,329.8341608078169,2583.0,2.462226475945617,0.3668051201617542,compute,high,running
458b1629-b639-4fbd-b14d-aadae19cc878,2023-03-11 12:52:00,41.810921174800086,44.19883276744252,122.31309496169352,96.50217084397217,2266.0,49.41835707890135,0.2919873679923772,io,high,completed
21be95c6-4e19-4fe1-9bb2-2d7c83fb3e87,2023-04-30 02:47:26,88.22836719191073,37.25755335863797,360.0920276205726,193.39193803120665,8060.0,12.640863476827802,0.0416651642747333,compute,medium,running
13ecf1d6-eeb9-4c79-aff3-1300f2d16522,2023-05-27 05:40:24,88.90599531897287,67.71931176484345,633.1183844489943,295.2356040503552,7397.0,38.78165837974045,0.894101934630285,io,low,waiting
b56a1265-bcb5-4869-b4a3-73b12e3b0cc3,2023-03-23 17:08:46,69.41578513691256,8.477737360693293,149.8186464449014,293.92348546439405,4706.0,55.74860722715817,0.3299866117959279,io,medium,waiting
2613c677-99cf-42ff-be63-0c359fc039c4,2023-03-04 13:31:15,91.95074069058208,16.87306999164331,513.0397957819991,386.5674239232909,5188.0,8.333547500319904,0.1229313010333605,network,medium,waiting
cc1cf2ac-1050-46b1-b02c-4bda3d409417,2023-06-14 04:30:15,71.04557595044916,23.15159607730091,340.27627588345246,105.9397689588129,2269.0,25.580431631381728,0.9144204623116036,io,high,running
c4bbdaab-920a-4e65-ada6-fff7c8d942c7,2023-04-13 20:20:52,17.700578156749593,96.93492087365108,914.6406906533964,107.9517307340616,8582.0,37.408622845259366,0.6180373619467875,network,medium,running
47e241da-0903-4ead-b0aa-3e55b19bbf67,2023-04-21 06:31:21,48.35181274274587,10.540942255589547,64.54522463703415,164.5414704380989,4560.0,99.48978864708108,0.8260445734872504,network,medium,waiting
c0f42e09-5ba5-46bb-a854-0837bcbaec1e,2023-03-26 08:32:19,60.02128681312939,40.12521026399831,747.4335405271376,498.04580288923705,1548.0,74.82433020994938,0.023173716973982,io,low,running
c97490a7-7a47-4864-bfae-0a719debb6ff,2023-07-20 01:03:23,18.551789752317628,32.97722528781032,225.27800332150548,308.6574404069398,1509.0,94.62928791352309,0.2784731689985877,compute,medium,waiting
44cbb82d-c52a-43f4-8c29-35033e3533a8,2023-05-10 19:45:31,53.26685874713607,33.07939383134681,816.4932997638481,345.9938143867907,4425.0,37.39899563005642,0.7693879927319536,network,low,waiting
0c4a6a43-21ca-4d9b-8aee-3cf43f29b389,2023-02-18 01:57:35,44.68769639461991,48.49249640717703,557.6023474889222,433.88284694366223,3124.0,97.1023880757515,0.8947678403505993,network,low,completed
a09e5c4d-8587-4d33-b870-71f1d7f25651,2023-05-07 04:08:21,73.17441854328928,32.59069522999592,378.42061526796135,469.77534547172434,5061.0,37.93352837564866,0.0993708500959484,compute,high,waiting
4fb86b10-b808-4a18-9c1b-c5ac1f7241b1,2023-04-25 07:35:24,56.78460014775075,19.94150081748544,86.67364288405255,293.7154485484634,1067.0,90.27389057323816,0.7566572664774938,compute,high,waiting
0025fe18-1037-411f-a9ef-2f3997dc77b4,2023-06-02 18:10:26,62.77347561952844,27.45661252221996,577.1239675273646,220.0364383903793,8287.0,12.509238166977989,0.3285253937244062,io,high,running
435001bf-8c3a-4ed4-ba64-46e1fc98667c,2023-01-26 05:41:12,41.6691756908711,16.16392864032612,558.354334633461,345.8485793801875,5392.0,41.58227734828055,0.5946278586792214,io,high,waiting
cc784a8b-a5c4-4f11-bbd1-3d4919a42932,2023-03-07 18:23:30,81.08386151289514,81.18337336677175,635.2909227300521,255.7964202670749,8810.0,83.03991840253484,0.071600291774131,compute,high,completed
116a2b0a-0946-4441-9718-7335bf335c94,2023-02-14 10:29:59,89.98667430000302,37.7788394962295,948.6245047563189,302.6964017077146,5678.0,74.82688008281764,0.5716885994220645,network,low,waiting
42c2f11f-a7fa-41ef-85d7-afc41c5f285c,2023-06-18 12:57:07,9.64508606973842,67.57397564810603,813.7521894674901,100.93357400485375,4215.0,70.7714606595096,0.4679061796760134,io,medium,running
f05f10c1-da08-4025-94fd-7c900155cd98,2023-03-10 02:22:16,36.79174878178733,77.76433249164597,49.03638435755386,219.64187018332797,6119.0,62.12291744209365,0.3121836817088628,network,high,running
16a406fb-af19-443f-a9da-4eba1d387aa3,2023-07-07 08:01:16,75.73641432377087,15.812385110523064,99.88626488659324,55.972695498017146,8165.0,23.0150702577454,0.2000875103088805,compute,low,running
b85df672-6a2e-4889-ba16-83f53293165f,2023-02-26 17:30:56,90.11621706491616,42.543179345683015,786.9917467681651,205.11835098178315,2796.0,9.637416019826816,0.0413234042087885,io,medium,completed
459ce6cf-66f9-4efd-9ef4-fd7c0eb2ccb0,2023-01-12 03:59:56,77.31100525054192,96.22663010201926,581.7084571207845,178.8871571726706,8012.0,72.93019759450671,0.1245372214257544,io,high,completed
5f5a5718-0487-40af-a737-1affbbbb5761,2023-02-05 13:58:22,9.9732947234754,24.169660171025065,25.389924345872284,134.61987195197256,1145.0,79.87545447494102,0.4592669574261231,io,high,waiting
baea1e64-0c63-4e93-b893-5ca3eb6f2e68,2023-06-25 00:47:30,47.55891170848437,21.084175919167404,415.0793294375101,43.583006738507294,3656.0,72.48517392810842,0.4159878888935201,network,medium,waiting
af995391-fef0-4bde-bfd4-c701456deb97,2023-05-05 13:46:31,29.81873596630641,46.9817446907896,111.94309925306,1.5685033145349525,8357.0,56.46774173547296,0.2009262925975775,compute,medium,completed
148b3c31-35d1-49b5-a1f6-6c524017529b,2023-07-19 05:05:43,15.09348973110416,84.58129019794534,984.8648568891934,185.82522893827624,2225.0,3.3275025921305046,0.0693563369263748,io,high,completed
658d71bf-b425-4a3f-bb3e-d3f931308ccb,2023-02-28 06:29:47,31.0839977143316,84.07004590993934,744.5147807554268,263.7515541633709,7107.0,34.21849556918989,0.3415750578308275,network,low,waiting
650e6f19-0c0a-4b43-bf66-d0af2d1f9e63,2023-01-21 22:39:08,71.86263903411519,35.48413744353607,511.4633624080594,22.071873361596605,5049.0,71.89991873386349,0.2350568476749369,compute,medium,running
be5b26d3-03bc-425f-92d6-9998791d0958,2023-01-30 08:44:38,72.77712732144181,13.099164194745772,907.73185745388,349.3330821865424,9792.0,49.61088868858241,0.4695618373598137,compute,medium,completed
084638a0-8c7f-4063-9f35-f4e475cf72d0,2023-06-25 07:54:00,81.51993953143135,26.407375968564363,879.4696816131925,431.74907954046455,9150.0,39.69193296469887,0.0449265468764059,network,medium,completed
934c582d-2dd0-4b8a-b8ba-c03698364317,2023-01-07 22:50:14,29.084090665674257,84.43789495183121,480.0318334949045,148.44525680929448,6081.0,61.86468535572181,0.3609375104654455,network,medium,running
27e9f296-3a56-4ac1-a2bd-5a10811b0137,2023-07-02 14:31:03,17.979529083354162,21.779921833782623,232.86937794864383,282.3726091724674,7170.0,54.00653152512246,0.6935741365584547,network,medium,completed
afe0038f-9ca4-4694-a028-437614c1990b,2023-02-10 17:45:30,88.94479088158666,16.93757755801988,787.3165398691699,265.41359546278323,1990.0,78.79533852553455,0.908164063779622,network,high,running
8f92a1de-6b81-479f-8ae2-1a6b2f824815,2023-06-17 15:52:20,11.14960572987156,71.21064359943385,411.11867163639295,229.97599274291525,6704.0,10.634653634652055,0.9082257301854464,compute,medium,running
ea75a743-ab13-4648-b07c-1815d32b3e35,2023-06-18 10:52:54,6.91826587923895,65.82000017102493,867.7242533477848,498.6574083820085,4408.0,83.26008545374903,0.9338852163469286,io,low,running
4e14a628-424a-4c5b-8c6f-7c647c1be1b7,2023-02-05 04:05:03,99.98085781169654,98.70567161784764,509.43830624944167,350.1154830022617,9802.0,70.71079187337823,0.2276112692141805,io,high,completed
e2d633b2-ae24-4ee5-9e77-ed2490b1fab1,2023-03-17 01:27:13,30.417355738924652,78.11968921812057,120.2027592911018,129.8764187554544,9985.0,74.03413953141528,0.2591379002266503,io,high,completed
03ec29a3-f20c-4006-8116-5411b4382a94,2023-01-26 15:23:03,92.17190668708332,71.31403463619522,464.58685170457926,165.27057690432022,803.0,88.37699453345856,0.952267267571595,compute,medium,completed
07c0b366-197b-4e1c-a20d-29a27dac30be,2023-07-15 17:14:22,72.39413985013259,78.57456478358188,406.2790974673469,161.87170580529624,6533.0,55.76809011367431,0.2569458013270748,compute,low,waiting
3b7ed2dc-bdf6-4951-8306-38f600726e81,2023-03-14 05:37:10,49.236140669088414,42.31863312795784,24.838282419566426,340.77255625995133,9132.0,91.30810756524995,0.4406274955553406,compute,low,running
bc9864b1-b465-4831-a47e-fe94282cd825,2023-04-05 23:45:17,83.39816438766317,65.55680883467801,325.5207710925527,486.3551589889395,8256.0,8.829755205064583,0.6224441282381539,io,high,running
11a83588-f0dc-4d72-8383-56f37f9eabfc,2023-02-09 19:58:48,1.2171156943258763,92.87812676577416,502.546196706662,83.64808420713138,809.0,13.068955056574527,0.803970336876017,io,high,waiting
458efea1-9d88-4d92-913f-ee1bb5f0fce6,2023-01-15 07:02:57,22.95674446919498,36.77740757167438,498.3626318671508,287.0029353065001,9639.0,64.82060198548166,0.4101075139365314,compute,medium,completed
b776fc29-9f10-42fc-8ff4-433442e3eca6,2023-03-04 18:48:23,93.84120216943856,4.1040521963225824,83.20404820147232,276.1241556480823,8495.0,48.58306319977335,0.0526991499164647,io,low,running
305e8d63-c7c6-4ca3-a524-a44ba663933c,2023-05-22 19:48:52,22.864655098294552,37.19292098623149,708.7957083503519,284.5698201362186,1773.0,92.4227322528202,0.8616616257827583,io,low,running
5302a747-1247-4829-b3f5-0a83acb6f28d,2023-06-22 11:57:07,59.28802707811576,26.48491873053632,213.45015255340937,392.5784348325087,6464.0,51.45441269044843,0.3845853582399805,io,medium,waiting
0c2ff85c-a00d-44fc-b3dc-0d271dfe98d8,2023-03-10 23:32:36,47.58261958572228,27.446177338339663,464.2178189858006,318.4265291961439,5368.0,20.412029001124445,0.3817362589678351,network,low,completed
fb238332-d39f-47cb-ac89-7c53461e8d0a,2023-04-08 04:33:55,28.75445022805615,58.23432380522813,905.9069762693734,145.87049721543482,568.0,54.68991086428301,0.2551881461031502,io,high,completed
8d6db15a-1431-4e8d-a028-fe8019e6740e,2023-06-19 20:29:25,24.36778752812322,67.40885500534529,244.47937781066065,343.2862501485662,4995.0,59.67730098381912,0.6858063398272275,compute,low,waiting
144461ad-a453-4d67-b42e-7e5e6c336b63,2023-06-24 01:44:10,75.32401195921769,3.9401034920598432,964.220474009807,144.5834354952545,9317.0,17.34210394446144,0.9951880389536488,io,high,waiting
66fd09ef-dc8e-4599-a1ec-fb6e117bafa5,2023-07-16 13:14:49,47.14573193542654,71.46080784676347,64.829124499454,286.70692681712893,5575.0,5.398342097862219,0.6457577324892205,compute,medium,completed
26051813-8be4-48fa-be62-66c7ae5d3222,2023-07-08 11:00:19,94.38508573508196,52.5068432130743,586.2762161835593,21.887950047082107,1822.0,49.55340060038719,0.1195658628882578,compute,high,running
78a7ecde-90ea-4ed9-992b-43bb3415fa40,2023-02-19 00:27:11,12.729402542007474,0.4760985473271861,735.1798312175137,197.08051345172436,5874.0,90.43317462855502,0.0022633833927311,compute,high,completed
5c962947-b22b-4380-b314-27e440446133,2023-05-06 22:48:26,14.18172757014775,30.09985980236768,661.3520470624044,444.6970685048082,6168.0,12.855895535258757,0.2633567036276455,io,medium,running
ede6790d-e34d-4374-b096-5ba03ba450b5,2023-05-25 14:32:24,31.67306665534563,4.604289467909172,484.221341710667,447.7492620911352,4422.0,1.1714701014127529,0.1203212743211934,io,medium,completed
6d1bf987-7236-4ddd-a81a-713096580a53,2023-04-04 01:15:35,43.011598437674,10.877156594872329,212.14925679909948,201.0749117912281,5886.0,19.050087808657945,0.9417347547129828,io,low,waiting
62a7fc8d-b1ad-4452-8dcd-1a369dc2e636,2023-04-02 10:04:27,65.21245948421391,82.87559663721149,475.59422916843874,491.7459788066817,774.0,64.69185777786579,0.6295097972167273,compute,medium,running
0443d8d7-09e9-446f-ac7b-1e5b6963cc84,2023-01-28 23:09:55,85.32459761585129,89.80553964782392,676.1794866011367,88.35967258420673,9645.0,77.84568627363532,0.5054311007754732,network,high,waiting
e40bb1e4-2235-46b0-8ac0-c6cd826dfe53,2023-06-22 21:06:32,96.92058717176852,77.13458712575411,462.7378305808968,176.7023520048282,9758.0,33.36764574531214,0.0629528889242008,io,low,completed
7678ed7d-ee95-437c-b52d-3db9ae9240cb,2023-05-08 13:45:09,26.56325475414473,81.28871254107673,8.01028137856652,262.78141307920333,1153.0,26.81971330550929,0.4459294482315844,network,high,completed
3346dea3-643a-495b-9722-ee63a7d9292f,2023-03-03 07:55:40,71.514325202536,51.405863353477166,701.459344802404,102.32957162825237,1003.0,15.79491379775586,0.6872303860732654,network,low,running
65dd592d-3a7a-4c43-badd-de7d7c0b502c,2023-07-08 03:37:14,55.805123665726256,33.613689151173865,763.4988407393624,39.21938132372216,1632.0,85.75790371034175,0.3843967289761363,io,medium,completed
bdcfee83-bd07-4b56-be39-4fe993512776,2023-05-20 23:41:20,41.86368635700265,49.38514359039006,889.4498694697455,91.27507001942035,2096.0,78.25275167434957,0.950006978660764,network,high,waiting
5244f832-687d-4a6f-b15a-14deafd3fe4f,2023-04-28 15:36:34,1.1355128512192558,33.35668236468202,483.10920028313234,481.9336485610272,2936.0,19.897142857965378,0.1107760013561471,compute,medium,running
81c379c4-6ed7-4a8f-b95e-67d24e7d3195,2023-05-02 02:00:30,51.122178757368665,58.92248473696223,571.6452770351306,41.72705254665237,290.0,76.22948547285489,0.731606378253916,io,high,completed
023a5d0f-4f39-4884-9734-741ed9729adf,2023-02-08 19:47:46,27.83252983201143,30.7731408648964,690.6612016958172,423.9278628239852,6249.0,7.732019209059526,0.8627355992888209,io,high,completed
3da82fb0-01ad-4b6e-85c9-ae2d1878f23b,2023-02-15 07:05:51,10.89037388413262,14.036992921258683,272.7429197127168,106.28895948422551,4739.0,37.98588719387174,0.4873005666200029,compute,low,completed
baeb7085-c0d6-40a5-87de-3cf5a94f3d9e,2023-05-26 00:09:47,39.791861483493776,35.971350319098164,775.7247879029055,140.98143997522388,4707.0,51.30187741640867,0.5104973790067402,io,medium,waiting
722bee41-a1a9-4bd4-89f8-860d671b0f8b,2023-01-23 03:16:48,77.4500954884202,88.2129859629492,507.942706631372,365.59096920374645,466.0,6.272671222288572,0.7793460162306145,io,low,waiting
57812c4f-97a3-4d3e-bfbe-e78af8db5061,2023-04-09 04:05:41,4.290619040255816,9.01084358237323,816.4850609523638,22.966883154115493,9681.0,84.82924385641624,0.0120191695688001,compute,high,waiting
c48efb86-876a-412a-9b79-c35685fdc1cc,2023-06-21 14:23:06,35.42248218272628,97.65637436514156,398.24602560280607,465.52385598470255,1656.0,82.70439009174792,0.9956273464041008,network,low,completed
3b472e28-d6b5-45c7-86f5-dabd8212a7ef,2023-06-22 22:28:14,75.8984554752342,94.29725719811584,486.7991377426597,115.73106084092431,2942.0,49.723117086055865,0.035513945889168,io,high,running
14ba8e1b-901f-48d2-9ee2-e996df2fd62a,2023-04-28 21:06:01,1.7060486259097507,81.36844853834381,362.3781786118303,74.45418380127661,6128.0,47.41880398259121,0.0458288310726242,io,high,completed
47ccc75d-dafb-4237-8a25-fb6d7b7ae028,2023-05-06 03:04:06,96.70549180772196,21.19535253266456,604.8361898406813,142.00424011068952,639.0,1.829879336995188,0.8239383562771492,compute,low,completed
eb1386b7-0d40-4e3c-a9b9-875e995e4f5a,2023-06-19 10:34:56,26.5905627336791,13.065184921717576,298.9626881190761,316.8313499507128,4786.0,53.431305430022825,0.1092767200496372,network,medium,running
c92fdf91-2e3d-4422-b423-b925189ad8bf,2023-05-29 21:15:26,82.81466132166949,67.0053415858996,344.045950020152,404.05586208287775,9668.0,11.45803179920345,0.0981463347832769,io,low,completed
8caaee37-fc33-4a31-b201-7ab6bb9d7c2d,2023-07-06 19:36:57,43.82559469717036,81.99622804627238,913.6889583232892,383.0640061992759,5314.0,70.72237496473319,0.0950472873905423,network,medium,waiting
da05e9db-6bad-446b-9e05-9660a443d804,2023-05-04 11:01:22,16.368426115164848,94.33859004964164,441.192146648676,305.099702162803,6150.0,17.766884193943746,0.6155508896972642,io,high,waiting
559dcf6c-cb76-4c1d-805d-75dcedbe5533,2023-01-16 12:35:05,26.279995632448905,52.85269962591006,473.1695215188952,421.4358578613889,8676.0,97.25480625148238,0.1254803580386911,compute,low,running
28257511-1ee1-4c1b-9b1a-ec9857a10d3a,2023-03-07 23:21:20,3.516005971619418,15.813017766217996,511.00472957275446,427.5692533746077,1343.0,87.30418506565599,0.0354365992991518,compute,low,waiting
2f93a6c3-96e4-4ca0-a6bc-7d8f9a40fb20,2023-03-17 06:18:22,85.18085827572432,80.04067219893383,673.8707275498763,353.1170275554358,5178.0,98.25067428159949,0.2393350148465951,compute,medium,waiting
b00e6c4d-72be-4a1d-a1fd-5c9f62fbd644,2023-01-17 11:19:28,63.08318084098038,65.19011873364248,550.7833876113588,34.635748947872635,9768.0,68.90873607098388,0.6211719061646459,io,high,running
dced93ec-ca9c-4143-bdc2-bda705d2b19c,2023-04-05 05:20:30,99.79940009356586,76.84452714649517,690.1889753626899,133.61325125788747,3791.0,33.77231841403325,0.1964136772147038,network,medium,completed
5640194c-f7ec-4094-976c-73c37c30f8af,2023-04-11 17:46:54,98.7889169333526,89.8941944144877,456.6765829880132,47.49466009290543,9890.0,53.18513392142704,0.3372903040407943,io,high,waiting
bbcd0dc2-50dd-4729-a024-5c86251af9bb,2023-02-16 05:37:47,0.2064635574421713,55.74770037843888,807.9845991587626,403.2050240520839,8452.0,12.332907282698214,0.5221635620113143,network,high,waiting
fd0e46fa-15e6-4e3f-b3f2-e66ec765fad5,2023-06-29 03:35:21,33.04405726028439,78.9385130322043,374.5411891162976,308.71728596646324,2484.0,15.94480714405978,0.8955866217738314,io,high,running
c47a61a1-17f9-4c84-b940-64147334bda1,2023-01-08 09:08:37,94.78218871115897,95.24091345173731,177.48245117463912,291.8118788339333,3306.0,98.3992401648652,0.3499484440851443,network,low,completed
d495e0ae-0108-4429-b5cc-183d837b4146,2023-01-07 13:05:58,79.17614211803709,4.926933511811948,891.4865649130138,120.26030725626391,6617.0,1.815647761495576,0.3858480230553058,compute,high,running
67b04b7f-1225-4864-832e-dfc0e7ce2fda,2023-01-12 02:01:08,68.37264472760462,32.1423152085359,951.8355057003432,296.1390767788725,6922.0,56.466895112932,0.0622776283946368,compute,low,running
6e9dba9a-9c64-4095-8d39-f6bc8dd64961,2023-02-13 23:14:48,50.634291932380414,63.62250352272325,175.12540583692282,41.65458391674859,8953.0,76.35094245710685,0.9112176670965626,network,high,waiting
5eb11d72-8a50-4012-bceb-3200d55e281d,2023-01-10 05:46:48,63.39869213059075,51.83437116593775,14.952329192094105,211.6406703760119,8016.0,33.7010052547007,0.7066972096824709,network,medium,running
5f4fc83e-b084-42ee-a683-8be9ddbf042c,2023-02-11 23:00:17,26.870902875684934,26.39207950239517,877.5756884605645,149.32922666775667,1785.0,16.66116121908665,0.2161372809825411,compute,low,waiting
6ecb76c5-4d6f-4166-b23f-f2b73fd68719,2023-02-09 10:31:26,95.55683939804209,88.08095174525273,57.91038000503157,194.32193892868088,2026.0,16.03465198123115,0.9494796977715548,network,high,running
27999d82-4b53-4599-a4b2-47ed25629db1,2023-05-19 12:42:41,31.65502100270866,76.55996647759804,511.6564413625775,165.69835754915397,3796.0,53.61953132381603,0.3427056326716536,io,medium,completed
c9dbaaa6-583c-4c2e-b943-29739a1cf4f8,2023-01-04 17:05:29,82.68052703690756,97.5940744529471,56.54958783881903,433.0497438713509,9412.0,66.76881857477501,0.816672031557181,compute,low,running
e5dce097-9b49-4775-bd75-89642c6eeff0,2023-05-21 04:06:32,63.39816530073832,70.69322521987715,695.1590962144144,192.4016947200387,1796.0,43.52686413532154,0.0979331691963462,compute,high,completed
02430931-a371-4345-a8b9-eb30ae4d1572,2023-07-06 18:53:47,10.35784634483722,66.73210484560583,537.1843058378511,204.65206256534117,5594.0,6.188705577028797,0.1074102527772545,io,medium,running
8d0f08e3-fd20-4d2c-bf3e-ef3edbdb74fe,2023-07-07 04:00:29,1.809635820147515,16.62773353361856,870.0853161719207,140.0096729060944,3894.0,8.431944877009311,0.1068381710400618,compute,high,waiting
892dcbe2-c827-4a4a-8e21-cd5081297c01,2023-03-21 18:08:05,43.553154053093344,21.16085019191043,93.70707954206492,43.09969414813092,550.0,90.25334269238262,0.4192403448881754,network,low,running
b3f043d1-4ac7-498b-88ad-3087f9e1b9fe,2023-03-01 21:07:56,79.86892488839027,16.72684503946965,112.0465608639888,167.08068788070028,2628.0,62.57756409211381,0.7307181366529973,io,low,completed
ecf879af-566e-4e71-9f2a-6a4284854fa8,2023-06-14 23:47:05,58.81514604352993,85.48537638586502,817.3334058863848,111.2152736401808,1736.0,70.62444751138072,0.328997288274106,compute,low,waiting
707da984-1821-4991-9c41-d2c0ef254ffd,2023-05-31 12:16:29,13.55484331085064,42.80772071277323,539.960500024353,138.58342174730998,5476.0,4.069303826686443,0.4890861773831326,network,medium,running
8ca2162b-6122-44d3-b017-3c66bcb6609e,2023-01-20 11:42:46,36.74753222519273,27.1794176566571,618.8976011580803,187.74938165009465,1959.0,59.25017623766063,0.8645917943691562,io,medium,waiting
fd7631a0-5926-4ce4-8c7e-0af3ab821309,2023-04-28 23:29:32,91.14508753507624,20.95563916761106,352.61541806632954,455.1474512050741,9954.0,37.44692530345598,0.2147791294956905,io,medium,waiting
888a079d-16f9-4de9-b130-ddcb6c6f1a8d,2023-05-03 22:18:35,27.63371527370494,80.4514890473365,42.84371790846863,298.24636882730243,6152.0,71.74894836333209,0.4728314392916564,compute,low,running
a839faf9-acfb-4e2b-aa6b-c0a9dbf45cc9,2023-02-16 02:21:13,37.98939037860174,90.06754142044126,535.6469636988355,445.3378377857477,7402.0,14.886308180548191,0.9618062726843734,compute,medium,running
3db3ea9b-34e9-4d98-b50c-187cc8d361b9,2023-05-23 01:40:27,39.92223836579093,95.0861511747856,513.9037826822463,124.46961092387193,3490.0,74.02377259628432,0.0840333499169443,compute,medium,completed
f69c658d-a857-4166-9864-b6a89dbae51b,2023-03-26 06:42:17,86.03106783434195,61.77218314756896,449.7917612398583,427.1449918345219,9528.0,24.46718264003277,0.2317648972275594,io,low,completed
ebbc6b12-077c-474d-b7aa-f6c8d540e7ed,2023-01-07 12:58:32,9.861036872281105,80.3465012819106,570.0517767397394,404.9918737089199,1063.0,4.83524526832605,0.4631138585032641,compute,low,completed
0eab1a74-ce5d-4d1d-90fc-fc2b61f61353,2023-03-01 15:16:14,80.10748802553047,15.699176951048477,3.037922778057145,386.8570116700103,2924.0,92.25716803960438,0.3521410916240683,io,medium,running
fe43ac8a-2d5e-4ce1-a032-2d6aa71f5f54,2023-05-10 00:02:23,5.100730882875581,58.36343042379081,810.6286020195155,177.97324775410723,2114.0,20.750074637093054,0.8120453137230818,io,low,running
1e43318b-2513-4164-942b-5f084c9ff458,2023-02-05 20:55:10,62.71607114618583,54.44337746046383,619.194312173345,475.2413078487066,2481.0,97.50528024045076,0.991798516904692,network,medium,waiting
9660ecdb-cd59-4bd9-8914-d464496c351b,2023-04-18 06:10:33,14.837893767737564,71.5941287755244,400.60978377600463,325.91522012829034,1412.0,62.75515976438854,0.8675409313890521,compute,low,running
3b3ecfea-e6c9-4430-9ce6-82f22b5ac45c,2023-03-31 11:37:23,56.7692748836844,61.245275606742176,384.7031354547239,456.6250107645889,6561.0,48.48597823132776,0.3887763873209638,io,medium,completed
c8fa8b79-2a01-44ce-ab99-1ad4294c937f,2023-04-01 13:52:31,98.2247777288344,62.46354544636343,259.6800879602484,386.24731566458087,9806.0,2.513655033725537,0.5442459855314986,network,high,waiting
7577815a-0676-45b5-bef3-101d783c1fbc,2023-06-17 03:36:45,24.45696090205628,65.45185122952148,899.045010540492,339.40503429014774,1694.0,96.89694920474273,0.0018827327469203,compute,low,waiting
d513e53d-dcdf-42b3-b4d0-edb29d9e6eab,2023-05-06 14:00:10,45.8212259758612,9.002689359635752,175.68303961291022,166.57799041342247,8624.0,60.40951512651331,0.2687769480794998,io,medium,running
404d2e74-9121-4ab3-a157-bccf60ea57bb,2023-03-20 17:48:10,75.7406555821726,59.50286160429964,741.5415924094008,445.7457902033264,3167.0,64.15600492246737,0.2485512389851678,compute,high,running
4d798cf8-2f52-4c87-8666-71ecbad62d26,2023-06-24 08:20:08,35.76390348482188,1.229398005622606,101.36637935337522,68.66479498359674,4434.0,82.43431072156416,0.6010950161481143,compute,high,completed
deb55c35-166e-4218-9b5c-0522319070a8,2023-05-09 14:42:17,0.4654836837183485,85.57750067279947,123.3393168311091,466.732521947152,2826.0,34.114022424053616,0.795170618842946,io,medium,completed
d6ce353b-3742-4519-ab7c-3fa4f71ec6bb,2023-03-13 07:08:28,6.268886202364055,32.69993795407334,108.5694925026034,187.16203500011764,5459.0,7.732778103246607,0.0678318758594342,io,low,running
ff8327f1-1449-4a76-b511-87a54d4017ca,2023-05-26 03:11:07,16.931269054360076,81.79634237482387,815.8468900966145,290.1044566717354,7643.0,59.78143435209843,0.2604799614139023,network,high,completed
7623e820-0c9f-4d4a-9694-dbe563d5b129,2023-02-15 03:21:06,36.38447750916378,29.91635094364362,58.75973023202108,387.9595042896366,4044.0,91.46387936226704,0.2873889917131188,compute,medium,running
8ff3e4ad-0ba9-4b68-9bd1-83540f2b4479,2023-05-27 16:52:55,55.52941074669596,74.22411055722104,420.8298463384387,94.0470485572466,2271.0,33.574902822906274,0.894569823968086,compute,medium,running
10b1fb00-1d7c-4b45-a1f3-1468010932c2,2023-06-16 02:44:03,39.56336676257261,74.38353035227814,277.54777907850604,185.81543534728291,539.0,88.10709668813917,0.2764038836907082,network,medium,running
9be40a33-3004-497d-9ce9-07047d49dc87,2023-06-02 14:08:54,95.54659333057808,81.49629372769088,540.0548059348675,283.2014077605631,9199.0,53.23239889788044,0.5506384400340163,io,high,completed
d9bd5905-aa4b-4213-85fe-438daa950989,2023-06-12 05:16:56,63.8609177641413,55.52252108179033,791.850231759326,208.09695879026896,642.0,13.272525312813,0.3353398488409758,compute,high,running
dddc05d0-d1da-46f0-ad8b-8d2b19138f72,2023-02-17 09:06:38,50.2105580724113,41.89011164310418,277.4561696760343,497.4653836488114,3215.0,54.3140006155354,0.4844061670684352,compute,high,waiting
24bd445d-b540-4b7c-a5ed-392cb17e3fa4,2023-02-07 14:01:05,79.3567368048352,6.033132770861571,216.2587016254509,342.5421603075083,7269.0,72.83305331983084,0.4650624348065402,io,high,completed
40b74b31-2b5a-430e-98fc-40b60d404bb2,2023-06-22 17:15:28,54.88463284661673,68.31449219950217,918.0232174278792,194.7879315232464,1035.0,69.09800833672621,0.7858620525982853,compute,medium,completed
43bada84-7b2c-4823-bf28-241d7794bb91,2023-05-30 12:20:52,98.29901099578396,39.81327592641817,38.244966500001645,136.5927267721292,6166.0,26.278706407103304,0.1095273983348742,compute,high,waiting
f081e643-a15d-41b9-a3ae-9c6f75fc9073,2023-05-15 13:14:08,13.9745778864955,87.9762650875809,175.03131466748434,13.243016657767836,2887.0,99.11340303266016,0.7463316593029798,io,low,running
94e57817-dd6c-4134-834a-809db660504c,2023-04-23 19:11:19,33.059630075921035,69.6895850856396,491.0799519961072,439.20235311763776,6675.0,45.468079680116105,0.5089746062402747,io,low,running
4e56a8c6-392c-4bcd-bc8b-3a470f8b7dae,2023-06-28 02:16:47,83.10311139953782,2.415340874567795,728.5916510277391,14.280006945434742,3373.0,69.68607586477914,0.1660811795100738,network,medium,completed
939312c7-61a8-40a3-8d18-2c6461511a61,2023-03-10 17:45:54,10.023343742412305,40.92142251359302,981.757506889018,498.2928145727818,2433.0,96.58812104598866,0.0436337548497435,io,medium,running
4823020c-6a3d-4c86-b31e-685a42c2c717,2023-02-02 10:32:58,62.11403254603832,58.35057775990051,248.09372689056363,262.27182704699976,5791.0,41.73352002596841,0.1510319780071963,compute,high,waiting
47b67159-2162-4ef1-bde0-9523c28e73cd,2023-01-21 22:51:00,71.1870450893322,98.34564614531044,896.3813341809777,122.19641345820698,2610.0,26.77629100898916,0.2514185561623078,network,high,waiting
dbb9ec26-698d-4d1c-97a5-5e0401b01c25,2023-04-11 03:01:07,39.6222744661744,94.92107803900832,161.58824218101188,25.86429645867944,3773.0,39.10690894336819,0.4742630466132923,io,medium,running
4e2d2c4d-a42f-4c80-a8fd-168c5d442193,2023-02-28 15:41:19,82.1903908407869,39.322448602077806,574.073222463956,46.27537158711903,8165.0,28.97915601637414,0.7547673606673417,network,high,completed
99f927fb-26c9-411a-b4b1-2f63fc88fb4f,2023-03-31 04:17:47,70.05286228178628,90.49619444876912,440.9224832074768,435.9714649515793,9362.0,56.763428046403966,0.2030605237323192,compute,high,running
534663c3-375d-426c-8eb2-24793caa58ad,2023-04-25 07:46:33,99.4233083220762,19.96259611060569,697.3027784794108,37.70119169477943,6284.0,10.20251513416721,0.9684265258733404,io,low,waiting
03cdc5fc-d50d-4e44-be26-99f6059ba535,2023-02-27 14:27:52,86.6134706324731,29.151871927107507,694.1513721906477,496.45714665499577,2509.0,19.94491415329476,0.8374965078146814,io,low,completed
01dedf3d-8d0d-4567-be05-9805643a2dc5,2023-05-05 14:31:50,6.51214685488184,63.19347415468951,706.4725681095808,445.9806859981566,9325.0,67.1052927148958,0.6265784744447415,io,low,running
bc44a945-16b0-4338-9d06-df3db08397fc,2023-07-06 17:31:57,4.457111098766409,54.26421319979983,599.7905526220247,439.17485710390974,8818.0,81.67059776699463,0.9307228126381932,io,medium,completed
d3c05589-9a5d-42d1-8329-da04ca24a6da,2023-05-08 04:23:27,40.04485347359233,99.01273226335049,133.51627974730008,379.385733980959,4791.0,39.27205819957464,0.6903624843494649,network,medium,waiting
e88baf32-4e70-48ab-a65a-d26e507ad9ad,2023-02-18 16:14:22,66.58713983098399,53.78068908341752,307.56364673998115,431.773763605385,3353.0,64.28830699799727,0.0873705941672942,compute,medium,running
16cd87d0-a157-41bb-9e5d-ce2e1afb90f0,2023-01-31 01:27:22,52.77147255728658,52.08390468440602,916.8604114000236,389.8819927823635,4934.0,78.84887692486701,0.5725894808354385,io,high,completed
4e312481-d198-4868-8cf7-8f30f3d26cf1,2023-01-18 01:55:58,27.130610125846623,20.02352393446779,754.4406790273396,225.91317986789667,7861.0,18.79682793521272,0.6267982983546221,compute,medium,completed
19351ff3-08a0-42f6-b84b-5925a513d514,2023-05-11 04:11:40,25.80592125384073,58.00909522148069,341.3715458078939,298.06439420851143,4915.0,19.55998118386312,0.0221802020380484,network,low,completed
d8235cac-95d6-4643-85a2-238eb3271808,2023-05-25 17:05:41,94.9279900043142,92.67483723185008,125.55632514573412,76.33956142376586,4567.0,32.28167887987207,0.598593414801074,compute,low,waiting
cb0e0744-3c8b-4b17-b877-3d33a8334556,2023-01-30 01:51:37,54.33526403167696,44.737999171276485,208.06787159986,242.28354009824176,1386.0,60.60389652522348,0.8497262122826634,compute,medium,waiting
2bf71765-6e7d-4f4c-a96b-c5cfe7c6d635,2023-05-14 19:28:59,95.68705691056464,95.82785965926932,492.8288807918101,99.25326101056426,4325.0,60.23904687278564,0.0021942037614967,compute,medium,waiting
630001a5-2781-47b4-8f1c-726864673bc3,2023-05-12 01:11:23,27.42957038427515,38.50021203762336,707.607689703721,66.60641177461763,4180.0,7.033760879212636,0.5327364673414008,network,high,completed
c1e25c47-6885-4f73-90c1-ccc563cc8d70,2023-02-26 00:38:07,50.23932939071011,15.651488460621078,439.0891051137207,147.71049527220364,8195.0,49.06922881648255,0.9657312331275824,compute,high,running
038d7634-f07e-45d0-9eef-7f4e3a9cec17,2023-06-23 06:23:07,54.00479636936919,2.1996321973451582,961.532225402013,126.487584635116,9485.0,56.98326130121669,0.112617156649647,io,medium,running
1e4d3280-c14d-444c-b76e-734ba75b255d,2023-01-18 22:19:30,64.5544294579494,76.96421701710399,981.7943692928698,211.05383505960967,3584.0,87.1809343931231,0.0271230026581132,io,medium,completed
18ddf57b-cb3d-472e-b626-2f1368bc0806,2023-01-27 09:53:31,10.110749056349134,35.294978435293935,952.076803225348,289.29917892614435,3240.0,75.6880325313755,0.0645625736059735,network,low,completed
d0c7af04-f977-4e1a-9403-3d52970d0b76,2023-06-21 01:15:00,31.837893666617656,19.726340937092445,957.4591628264138,440.2029304960521,8048.0,58.99142109591605,0.0320119233844629,io,medium,running
5081aeb1-3953-45bc-a4c2-dfbeab040e12,2023-07-11 17:11:29,95.80671779934347,42.14365755547775,922.2058292950728,173.98416674274324,6838.0,69.48052105214092,0.8952586445999402,network,medium,running
40c7caac-8687-45f8-939e-8550c360e7d8,2023-02-22 02:28:35,61.7497267667286,4.298192753827157,935.8989277027158,210.62556985832515,8079.0,98.04518521294284,0.7186698930515377,io,low,completed
1b45c91c-0a01-4710-8a81-7efb63bb05de,2023-01-02 15:32:16,88.7283151235186,66.17988711780605,185.09388390179117,312.2946379098861,8640.0,2.667564571847847,0.6807527982843189,io,medium,completed
0f2167d5-3785-436a-8515-4aa87cabfd14,2023-05-03 04:31:51,76.50699491581399,81.32585653089845,446.2395560327936,316.3924353661412,3093.0,53.099064492293934,0.7094672031506545,compute,low,running
b3aac848-e33d-4134-8da9-a0d2ac4fd727,2023-06-22 08:22:59,20.126676576086545,80.21021546791063,909.7539950854056,230.5992475783983,3204.0,94.048154978918,0.8900536884570724,compute,low,completed
4ddb9473-4da1-48ff-bdf2-fa3abebdb7a7,2023-02-03 11:48:29,91.21509530115888,21.03466149901848,798.8492865702025,423.8311775571952,1371.0,84.59893587841655,0.2972747547429125,io,low,running
9632b91f-99b7-4f8a-81a0-c59a8a709d76,2023-02-25 13:51:40,12.208560683646718,29.003705205255223,564.8042883500692,166.20460962866213,8786.0,20.496300669011426,0.7348366865410879,network,high,running
af1f332b-a5ad-45a3-82a2-c2339828961a,2023-06-25 11:30:54,20.9860473870142,13.759477544564149,866.3290475791202,224.5188294483104,8870.0,71.52780187980444,0.6899422781857013,compute,medium,running
f34e89a2-87dd-4c1c-98b6-204606eb6a4b,2023-06-30 15:39:04,13.230567485306288,51.05321832594014,178.25800459134612,446.6244903849116,27.0,11.370836748124235,0.6603428303029867,network,high,completed
313bfe1e-a156-4a2a-90bf-66005f8fbe40,2023-04-24 11:24:21,29.87503108519409,46.23742963394234,567.6129523720574,190.4028413168105,4444.0,37.42456261772222,0.5467700936038287,compute,low,running
9df1ae05-bed0-4608-b9b9-34139a850c78,2023-05-19 08:55:59,25.50637853166394,30.72311157515629,762.1352626317575,371.3582200583309,3172.0,85.02482431832694,0.0091082405381631,io,low,running
2012b138-2ec6-4ea1-9eca-75de07a793f6,2023-06-25 15:44:38,53.39779236287959,20.75480508362778,968.6310151770322,12.61759186973821,1240.0,56.1352570440973,0.4210508001180799,compute,high,completed
5571437d-345d-4856-b900-5cae3ffb3cd7,2023-05-22 08:08:17,94.4202717913942,2.632143459328684,365.1874978710625,487.5481501468735,9574.0,66.30863856291798,0.8822103352504483,network,low,completed
327dacfa-aca3-4e11-bad8-5f81bf51468c,2023-07-03 02:33:15,28.48855205537312,3.0795585716171137,685.1301523910748,130.64098968443938,7386.0,14.884637739417103,0.5075046231876312,io,high,running
cede9b97-ee5c-4f7f-a0bd-9f3b88741bea,2023-07-15 21:31:35,70.90508098155446,88.86896853661764,41.86520218535495,347.9637036519182,2193.0,75.83531299077565,0.6734671430502939,compute,low,completed
44b97369-b361-44b9-a793-6274eac3d41d,2023-01-27 16:47:13,83.56460375834757,30.862632354474528,455.2689977002698,105.69663038681249,4608.0,6.810113541672369,0.5374960783179761,io,high,waiting
6cc58b73-48f7-46f7-9d77-e17c5eee19c2,2023-06-05 00:09:04,48.345899817102335,98.85455009944587,283.9453895776264,170.56975395760975,1947.0,30.827392668592047,0.959994740345934,compute,low,running
1fdbc4b1-60c3-4165-8878-7ee37dd0e177,2023-04-06 17:09:03,60.75453597907943,52.34260212963634,631.2490768828641,198.30365985210085,1649.0,80.68694908768278,0.8936009842800283,compute,medium,waiting
defeaf86-2c38-4d0a-aab8-b60c5d7f6a42,2023-03-27 02:14:02,52.658402882046914,71.15999939788121,967.7870523171194,436.054710690349,4249.0,19.789919291849834,0.9547410754957174,network,medium,waiting
f30f3695-7898-4671-bbdc-4ba395760695,2023-01-25 02:58:39,53.794577915190246,69.12979484714579,50.291496774543695,421.0552539629937,6599.0,82.9532943646642,0.3725285671848264,io,low,waiting
51927b36-1b17-4c2f-8eb7-0d37b6f85567,2023-03-03 13:06:11,90.2131214804232,73.3876250614736,903.3375661836484,320.8676308506508,1145.0,42.07103469930056,0.9696683945242016,compute,medium,completed
0d07b6e6-65a0-4ee1-b886-ff1b0391bdc8,2023-02-08 15:03:20,81.74532636181662,2.8171240721982627,799.455957242705,6.812070017357785,2517.0,21.49265900757828,0.4162368596479026,network,low,waiting
cfd6956e-534e-4f0c-84f8-2875a1698306,2023-02-02 01:15:07,31.98338893831543,36.505407567772885,363.0881106584154,45.16063403265191,6629.0,43.565557360851216,0.6036557856655024,io,high,running
a3a2c892-e3d5-4c02-9c5e-fa73c68a0b9f,2023-05-16 06:01:02,19.645099182095397,0.208312372734154,841.5307662803265,151.15192870403448,3380.0,15.933224104269229,0.1315368745848234,compute,medium,running
0e116698-0e7a-4046-862c-f1e8ac81e642,2023-05-18 06:30:34,44.28730246222125,15.93227996861425,70.05506197799139,212.4710829200525,5544.0,36.21878070236153,0.1215629151214742,network,low,running
ae43eb24-f323-462f-8e45-540c4e075e06,2023-05-26 08:56:54,3.804468153505791,47.22063712072872,897.783029119772,299.2475064197881,6925.0,97.09232340253465,0.7473731137887387,io,high,completed
245b90d9-e657-45cf-9c86-091b371f1243,2023-06-07 00:13:20,96.42004194547816,31.772774211542764,685.3844951873901,94.45734995465426,3938.0,47.38304203288175,0.6427153774538904,network,high,waiting
5d57ec70-a6ee-4866-9505-858f32bca9bc,2023-07-07 03:11:31,53.14942783313078,41.21804773596125,652.7831667086494,452.0720420038883,2348.0,96.70115573948638,0.8887766058668847,io,high,completed
0b38f75e-0af6-4de9-9c3f-8b49319cd796,2023-04-30 23:59:41,37.441398387974,78.53835106065841,583.1287118266216,322.82004503895433,4878.0,18.94797014632823,0.7072234046593977,compute,low,waiting
abd5f99c-4762-4ab0-a60e-a76625070a62,2023-06-13 20:19:41,35.38190325726409,8.97038403682493,474.8765463249209,84.71610110785366,9443.0,63.01726336934311,0.4691955184157262,io,high,running
79ba1326-0a14-4e4c-806c-5e8f5c6caa4e,2023-04-27 02:19:58,90.03674516042256,25.18951466612401,411.6694269758929,2.1992022156880897,5331.0,12.383605780294792,0.9631207930276268,compute,low,completed
68111e16-3467-4dc5-b123-c28a3d234bc5,2023-03-25 06:25:50,98.32748650501551,19.40959647126669,861.1421597610138,140.92643697236835,4994.0,29.47739886141624,0.9224667374328016,io,medium,completed
78ecf75d-9461-4b62-ad1e-09336d93b72f,2023-05-05 16:13:22,22.774099334728646,55.96431303484726,230.81248250092423,279.6922201482719,1216.0,73.68930151967913,0.0530190365805591,io,high,running
